Date;Ouverture;Plus_Haut;Plus_Bas;Cloture;Volume_Titres;Volume_FCFA;Variation_Pct
2008-01-18;5300;5300;5300;5300;5;26500,0;
2008-02-05;5300;5300;5300;5300;1;5300,0;0,0
2008-02-19;5300;5300;5300;5300;58;307400,0;0,0
2008-02-27;5300;5300;5300;5300;3;15900,0;0,0
2008-03-19;5300;5300;5300;5300;20;106000,0;0,0
2008-05-08;5300;5300;5300;5300;36;190800,0;0,0
2008-05-30;5300;5300;5300;5300;12;63600,0;0,0
2008-06-03;5300;5300;5300;5300;3;15900,0;0,0
2008-06-04;5295;5295;5295;5295;50;264750,0;-0,09
2008-06-13;5295;5295;5295;5295;146;773070,0;0,0
2008-07-07;5295;5295;5295;5295;88;465960,0;0,0
2008-07-15;5295;5295;5295;5295;1;5295,0;0,0
2008-07-24;5300;5300;5300;5300;20;106000,0;0,09
2008-08-04;5300;5300;5300;5300;7;37100,0;0,0
2008-08-05;5500;5500;5500;5500;10;55000,0;3,77
2008-08-08;5520;5520;5520;5520;18;99360,0;0,36
2008-08-14;5600;5600;5600;5600;37;207200,0;1,45
2008-08-20;5600;5600;5600;5600;29;162400,0;0,0
2008-08-22;5605;5605;5605;5605;21;117705,0;0,09
2008-09-11;5605;5605;5605;5605;2;11210,0;0,0
2008-09-12;5750;5750;5750;5750;150;862500,0;2,59
2008-09-16;5750;5750;5750;5750;8;46000,0;0,0
2008-09-18;5750;5750;5750;5750;380;2185000,0;0,0
2008-09-23;5800;5800;5800;5800;3985;23113000,0;0,87
2008-09-24;6000;6000;6000;6000;50;300000,0;3,45
2008-09-26;6000;6000;6000;6000;450;2700000,0;0,0
2008-09-29;6400;6400;6400;6400;50;320000,0;6,67
2008-10-06;6500;6500;6500;6500;195;1267500,0;1,56
2008-10-10;6905;6905;6905;6905;15;103575,0;6,23
2008-10-22;6905;6905;6905;6905;198;1367190,0;0,0
2008-10-27;6905;6905;6905;6905;500;3452500,0;0,0
2008-10-29;6905;6905;6905;6905;108;745740,0;0,0
2008-10-30;6905;6905;6905;6905;113;780265,0;0,0
2008-12-16;6905;6905;6905;6905;13;89765,0;0,0
2008-12-22;6600;6600;6600;6600;8;52800,0;-4,42
2008-12-29;6600;6600;6600;6600;2;13200,0;0,0
2009-05-04;6600;6600;6600;6600;2;13200,0;0,0
2009-10-12;6250;6250;6250;6250;23;143750,0;-5,3
2010-02-23;5000;5000;5000;5000;4352;21760000,0;-20,0
2010-06-24;5000;5000;5000;5000;7;35000,0;0,0
2010-07-15;5000;5000;5000;5000;1;5000,0;0,0
2010-10-19;4625;4625;4625;4625;10;46250,0;-7,5
2010-11-08;4625;4625;4625;4625;1640;7585000,0;0,0
2010-11-09;4625;4625;4625;4625;44;203500,0;0,0
2010-11-10;4625;4625;4625;4625;148;684500,0;0,0
2010-11-12;4600;4600;4600;4600;30;138000,0;-0,54
2011-01-11;4150;4150;4150;4150;25;103750,0;-9,78
2011-01-28;4100;4100;4100;4100;25;102500,0;-1,2
2011-08-05;3795;3795;3795;3795;10;37950,0;-7,44
2012-02-08;3795;3795;3795;3795;1;3795,0;0,0
2012-02-27;3795;3795;3795;3795;10;37950,0;0,0
2012-03-01;3795;3795;3795;3795;20;75900,0;0,0
2012-03-16;3795;3795;3795;3795;1;3795,0;0,0
2012-04-02;3795;3795;3795;3795;1;3795,0;0,0
2012-09-19;3600;3600;3600;3600;10;36000,0;-5,14
2012-09-20;3600;3600;3600;3600;10;36000,0;0,0
2012-10-09;3600;3600;3600;3600;1;3600,0;0,0
2012-11-08;3600;3600;3600;3600;120;432000,0;0,0
2012-11-29;3600;3600;3600;3600;7;25200,0;0,0
2012-12-03;3600;3600;3600;3600;6;21600,0;0,0
2013-01-18;3600;3600;3600;3600;10;36000,0;0,0
2013-02-15;3600;3600;3600;3600;5;18000,0;0,0
2013-02-18;3600;3600;3600;3600;96;345600,0;0,0
2013-03-14;3600;3600;3600;3600;4;14400,0;0,0
2013-03-15;3600;3600;3600;3600;10;36000,0;0,0
2013-04-09;3600;3600;3600;3600;2;7200,0;0,0
2013-05-31;3600;3600;3600;3600;1;3600,0;0,0
2013-07-23;3600;3600;3600;3600;5;18000,0;0,0
2013-07-30;3600;3600;3600;3600;8;28800,0;0,0
2013-08-01;3600;3600;3600;3600;10;36000,0;0,0
2013-08-21;3330;3330;3330;3330;30;99900,0;-7,5
2013-08-27;3330;3330;3330;3330;190;632700,0;0,0
2013-09-06;3330;3330;3330;3330;3;9990,0;0,0
2013-09-24;3575;3575;3575;3575;3;10725,0;7,36
2013-09-25;3600;3600;3600;3600;10;36000,0;0,7
2013-10-01;3600;3600;3600;3600;9;32400,0;0,0
2013-10-03;3330;3330;3330;3330;5;16650,0;-7,5
2013-10-10;3330;3330;3330;3330;10;33300,0;0,0
2013-10-25;3330;3330;3330;3330;5;16650,0;0,0
2014-01-08;3330;3330;3330;3330;3;9990,0;0,0
2014-01-09;3085;3085;3085;3085;2;6170,0;-7,36
2014-01-14;3310;3310;3310;3310;2;6620,0;7,29
2014-01-16;3310;3310;3310;3310;8;26480,0;0,0
2014-01-21;3555;3555;3555;3555;30;106650,0;7,4
2014-01-24;3820;3820;3820;3820;7;26740,0;7,45
2014-01-29;3820;3820;3820;3820;16;61120,0;0,0
2014-02-10;4105;4105;4105;4105;5;20525,0;7,46
2014-02-13;4400;4400;4400;4400;10;44000,0;7,19
2014-02-18;4400;4400;4400;4400;72;316800,0;0,0
2014-02-19;4100;4100;4100;4100;3;12300,0;-6,82
2014-03-14;4100;4100;4100;4100;57;233700,0;0,0
2014-04-01;4405;4405;4405;4405;5;22025,0;7,44
2014-04-08;4405;4405;4405;4405;300;1321500,0;0,0
2014-04-09;4405;4405;4405;4405;25;110125,0;0,0
2014-04-10;4405;4405;4405;4405;20;88100,0;0,0
2014-04-11;4405;4405;4405;4405;7;30835,0;0,0
2014-04-17;4405;4405;4405;4405;5;22025,0;0,0
2014-04-24;4405;4405;4405;4405;10;44050,0;0,0
2014-05-05;4405;4405;4405;4405;5;22025,0;0,0
2014-05-08;4405;4405;4405;4405;20;88100,0;0,0
2014-05-13;4405;4405;4405;4405;50;220250,0;0,0
2014-05-14;4405;4405;4405;4405;48;211440,0;0,0
2014-05-21;4735;4735;4735;4735;10;47350,0;7,49
2014-06-19;4750;4750;4750;4750;2;9500,0;0,32
2014-06-30;5105;5105;5105;5105;11;56155,0;7,47
2014-07-21;5300;5300;5300;5300;10;53000,0;3,82
2014-07-29;5305;5305;5305;5305;5;26525,0;0,09
2014-08-04;5305;5305;5305;5305;32;169760,0;0,0
2014-08-05;5305;5305;5305;5305;40;212200,0;0,0
2014-08-13;5700;5700;5700;5700;10;57000,0;7,45
2014-08-29;6125;6125;6125;6125;10;61250,0;7,46
2014-09-01;6125;6125;6125;6125;3;18375,0;0,0
2014-09-08;6125;6125;6125;6125;10;61250,0;0,0
2014-09-09;6100;6100;6100;6100;76;463600,0;-0,41
2014-09-11;5900;5900;5900;5900;12;70800,0;-3,28
2014-09-12;5500;5500;5500;5500;20;110000,0;-6,78
2014-09-15;5900;5900;5900;5900;41;241900,0;7,27
2014-09-16;5600;5600;5600;5600;45;252000,0;-5,08
2014-09-18;5600;5600;5600;5600;31;173600,0;0,0
2014-09-19;5895;5895;5895;5895;32;188640,0;5,27
2014-09-22;5895;5895;5895;5895;37;218115,0;0,0
2014-09-24;5895;5895;5895;5895;20;117900,0;0,0
2014-09-25;5600;5600;5600;5600;14;78400,0;-5,0
2014-09-26;5600;5600;5600;5600;10;56000,0;0,0
2014-09-29;5600;5600;5600;5600;6;33600,0;0,0
2014-09-30;5895;5895;5895;5895;74;436230,0;5,27
2014-10-02;5895;5895;5895;5895;1;5895,0;0,0
2014-10-07;5895;5895;5895;5895;1;5895,0;0,0
2014-10-15;5895;5895;5895;5895;20;117900,0;0,0
2014-10-17;5890;5890;5890;5890;4;23560,0;-0,08
2014-10-29;5885;5885;5885;5885;1;5885,0;-0,08
2014-11-07;5885;5885;5885;5885;15;88275,0;0,0
2014-11-20;5880;5880;5880;5880;30;176400,0;-0,08
2014-11-21;5885;5885;5885;5885;10;58850,0;0,09
2014-11-27;5445;5445;5445;5445;5;27225,0;-7,48
2014-11-28;5500;5500;5500;5500;1;5500,0;1,01
2014-12-01;5500;5500;5500;5500;1;5500,0;0,0
2014-12-03;5500;5500;5500;5500;5;27500,0;0,0
2014-12-04;5500;5500;5500;5500;60;330000,0;0,0
2014-12-08;5500;5500;5500;5500;11;60500,0;0,0
2014-12-10;5500;5500;5500;5500;2;11000,0;0,0
2014-12-11;5090;5090;5090;5090;3;15270,0;-7,45
2014-12-15;5090;5090;5090;5090;30;152700,0;0,0
2014-12-17;5090;5090;5090;5090;1;5090,0;0,0
2014-12-22;5090;5090;5090;5090;4;20360,0;0,0
2015-01-02;5000;5000;5000;5000;100;500000,0;-1,77
2015-01-05;5000;5000;5000;5000;50;250000,0;0,0
2015-01-07;5000;5000;5000;5000;200;1000000,0;0,0
2015-01-16;5000;5000;5000;5000;100;500000,0;0,0
2015-01-19;5000;5000;5000;5000;61;305000,0;0,0
2015-01-21;5000;5000;5000;5000;5;25000,0;0,0
2015-01-22;5000;5000;5000;5000;10;50000,0;0,0
2015-01-28;5000;5000;5000;5000;17;85000,0;0,0
2015-01-30;5000;5000;5000;5000;5;25000,0;0,0
2015-02-03;5000;5000;5000;5000;10;50000,0;0,0
2015-02-04;5000;5000;5000;5000;10;50000,0;0,0
2015-02-06;5000;5000;5000;5000;145;725000,0;0,0
2015-02-09;5000;5000;5000;5000;145;725000,0;0,0
2015-02-11;5000;5000;5000;5000;2;10000,0;0,0
2015-02-12;5000;5000;5000;5000;2;10000,0;0,0
2015-02-23;5100;5100;5100;5100;37;188700,0;2,0
2015-02-24;5100;5100;5100;5100;13;66300,0;0,0
2015-02-26;5000;5000;5000;5000;6;30000,0;-1,96
2015-03-03;5000;5000;5000;5000;14;70000,0;0,0
2015-03-18;5000;5000;5000;5000;2;10000,0;0,0
2015-03-19;5000;5000;5000;5000;10;50000,0;0,0
2015-03-20;5000;5000;5000;5000;7;35000,0;0,0
2015-03-23;5000;5000;5000;5000;30;150000,0;0,0
2015-03-24;5000;5000;5000;5000;11;55000,0;0,0
2015-03-30;5375;5375;5375;5375;1832;9847000,0;7,5
2015-04-01;5775;5775;5775;5775;3;17325,0;7,44
2015-04-02;6205;6205;6205;6205;1;6205,0;7,45
2015-04-03;6670;6670;6670;6670;1;6670,0;7,49
2015-04-06;6670;6670;6670;6670;1;6670,0;0,0
2015-04-07;7170;7170;7170;7170;1;7170,0;7,5
2015-04-09;7705;7705;7705;7705;1;7705,0;7,46
2015-04-10;8280;8280;8280;8280;1;8280,0;7,46
2015-04-13;8900;8900;8900;8900;1342;11943800,0;7,49
2015-04-14;8900;8900;8900;8900;14;124600,0;0,0
2015-04-15;9565;9565;9565;9565;41;392165,0;7,47
2015-04-16;10280;10280;10280;10280;54;555120,0;7,48
2015-04-17;10075;10075;10075;10075;20;201500,0;-1,99
2015-04-20;9995;9995;9995;9995;482;4817590,0;-0,79
2015-04-21;9980;9980;9980;9980;21;209580,0;-0,15
2015-04-22;10000;10000;10000;10000;81;810000,0;0,2
2015-04-23;9990;9990;9990;9990;168;1678320,0;-0,1
2015-04-24;9990;9990;9990;9990;52;519480,0;0,0
2015-04-27;9990;9990;9990;9990;7;69930,0;0,0
2015-04-29;9900;9900;9900;9900;1;9900,0;-0,9
2015-04-30;9900;9900;9900;9900;10;99000,0;0,0
2015-05-07;9890;9890;9890;9890;20;197800,0;-0,1
2015-05-08;9890;9890;9890;9890;4;39560,0;0,0
2015-05-13;9875;9875;9875;9875;1;9875,0;-0,15
2015-05-14;9875;9875;9875;9875;1;9875,0;0,0
2015-05-18;9870;9870;9870;9870;3;29610,0;-0,05
2015-05-19;9870;9870;9870;9870;2;19740,0;0,0
2015-05-27;9870;9870;9870;9870;50;493500,0;0,0
2015-05-29;9870;9870;9870;9870;1;9870,0;0,0
2015-06-01;9850;9850;9850;9850;1;9850,0;-0,2
2015-06-05;9850;9850;9850;9850;7;68950,0;0,0
2015-06-09;9600;9600;9600;9600;6;57600,0;-2,54
2015-06-15;9500;9500;9500;9500;2;19000,0;-1,04
2015-06-17;9445;9445;9445;9445;1;9445,0;-0,58
2015-06-19;9400;9400;9400;9400;1;9400,0;-0,48
2015-06-25;9400;9400;9400;9400;2;18800,0;0,0
2015-06-26;8695;8695;8695;8695;2;17390,0;-7,5
2015-07-01;8045;8045;8045;8045;1;8045,0;-7,48
2015-07-02;7445;7445;7445;7445;1;7445,0;-7,46
2015-07-03;7445;7445;7445;7445;19;141455,0;0,0
2015-07-06;8000;8000;8000;8000;12;96000,0;7,45
2015-07-09;8000;8000;8000;8000;10;80000,0;0,0
2015-07-10;8005;8005;8005;8005;1;8005,0;0,06
2015-07-13;8000;8000;8000;8000;83;664000,0;-0,06
2015-07-14;8000;8000;8000;8000;83;664000,0;0,0
2015-07-15;8000;8000;8000;8000;5;40000,0;0,0
2015-07-16;8000;8000;8000;8000;20;160000,0;0,0
2015-07-17;8000;8000;8000;8000;20;160000,0;0,0
2015-07-20;8000;8000;8000;8000;5;40000,0;0,0
2015-07-21;8000;8000;8000;8000;1;8000,0;0,0
2015-07-30;8015;8015;8015;8015;3479;27884185,0;0,19
2015-08-04;8615;8615;8615;8615;50;430750,0;7,49
2015-08-05;9260;9260;9260;9260;19;175940,0;7,49
2015-08-06;9000;9000;9000;9000;253;2277000,0;-2,81
2015-08-07;9000;9000;9000;9000;253;2277000,0;0,0
2015-08-10;8895;8895;8895;8895;20;177900,0;-1,17
2015-08-11;8895;8895;8895;8895;5;44475,0;0,0
2015-08-13;8895;8895;8895;8895;10;88950,0;0,0
2015-08-14;8895;8895;8895;8895;18;160110,0;0,0
2015-08-17;8895;8895;8895;8895;68;604860,0;0,0
2015-08-18;8895;8895;8895;8895;47;418065,0;0,0
2015-08-19;8895;8895;8895;8895;63;560385,0;0,0
2015-08-20;8895;8895;8895;8895;2;17790,0;0,0
2015-08-21;8895;8895;8895;8895;5;44475,0;0,0
2015-08-24;8895;8895;8895;8895;1;8895,0;0,0
2015-08-25;8895;8895;8895;8895;10;88950,0;0,0
2015-08-27;8895;8895;8895;8895;5;44475,0;0,0
2015-08-28;8895;8895;8895;8895;15;133425,0;0,0
2015-09-02;8895;8895;8895;8895;225;2001375,0;0,0
2015-09-03;8800;8800;8800;8800;5;44000,0;-1,07
2015-09-07;8795;8795;8795;8795;1;8795,0;-0,06
2015-09-09;8200;8200;8200;8200;12;98400,0;-6,77
2015-09-11;8300;8300;8300;8300;110;913000,0;1,22
2015-09-15;8395;8395;8395;8395;25;209875,0;1,14
2015-09-16;8295;8295;8295;8295;30;248850,0;-1,19
2015-09-17;8200;8200;8200;8200;10;82000,0;-1,15
2015-09-18;8400;8400;8400;8400;93;781200,0;2,44
2015-09-21;9000;9000;9000;9000;133;1197000,0;7,14
2015-09-22;9000;9000;9000;9000;45;405000,0;0,0
2015-09-28;9000;9000;9000;9000;7;63000,0;0,0
2015-09-29;9000;9000;9000;9000;1;9000,0;0,0
2015-09-30;8400;8400;8400;8400;100;840000,0;-6,67
2015-10-01;9000;9000;9000;9000;15;135000,0;7,14
2015-10-02;8995;8995;8995;8995;10;89950,0;-0,06
2015-10-06;9000;9000;9000;9000;60;540000,0;0,06
2015-10-07;9000;9000;9000;9000;10;90000,0;0,0
2015-10-08;8995;8995;8995;8995;4;35980,0;-0,06
2015-10-09;8995;8995;8995;8995;5;44975,0;0,0
2015-10-12;8995;8995;8995;8995;5;44975,0;0,0
2015-10-13;8995;8995;8995;8995;20;179900,0;0,0
2015-10-14;8995;8995;8995;8995;150;1349250,0;0,0
2015-10-16;8995;8995;8995;8995;2;17990,0;0,0
2015-10-19;8995;8995;8995;8995;3;26985,0;0,0
2015-10-20;8995;8995;8995;8995;42;377790,0;0,0
2015-10-21;8995;8995;8995;8995;2;17990,0;0,0
2015-10-22;8995;8995;8995;8995;20;179900,0;0,0
2015-10-27;8325;8325;8325;8325;5;41625,0;-7,45
2015-10-28;8325;8325;8325;8325;7;58275,0;0,0
2015-10-29;8320;8320;8320;8320;1;8320,0;-0,06
2015-10-30;8320;8320;8320;8320;6;49920,0;0,0
2015-11-04;8295;8295;8295;8295;1;8295,0;-0,3
2015-11-12;8295;8295;8295;8295;26;215670,0;0,0
2015-11-19;8290;8290;8290;8290;10;82900,0;-0,06
2015-11-24;8290;8290;8290;8290;93;770970,0;0,0
2015-11-27;8290;8290;8290;8290;15;124350,0;0,0
2015-11-30;8290;8290;8290;8290;10;82900,0;0,0
2015-12-03;8290;8290;8290;8290;25;207250,0;0,0
2015-12-04;8285;8285;8285;8285;8;66280,0;-0,06
2015-12-08;8275;8275;8275;8275;1;8275,0;-0,12
2015-12-10;8275;8275;8275;8275;5;41375,0;0,0
2015-12-15;8270;8270;8270;8270;5;41350,0;-0,06
2015-12-17;8270;8270;8270;8270;8;66160,0;0,0
2016-01-05;8110;8110;8110;8110;10;81100,0;-1,93
2016-01-15;7505;7505;7505;7505;1;7505,0;-7,46
2016-01-18;7505;7505;7505;7505;6;45030,0;0,0
2016-01-19;7500;7500;7500;7500;10;75000,0;-0,07
2016-01-20;7495;7495;7495;7495;1;7495,0;-0,07
2016-01-25;7495;7495;7495;7495;5;37475,0;0,0
2016-01-27;7490;7490;7490;7490;25;187250,0;-0,07
2016-02-01;7100;7100;7100;7100;10;71000,0;-5,21
2016-02-03;7195;7195;7195;7195;7;50365,0;1,34
2016-02-09;7195;7195;7195;7195;1;7195,0;0,0
2016-02-10;7150;7150;7150;7150;1;7150,0;-0,63
2016-02-18;6615;6615;6615;6615;9;59535,0;-7,48
2016-02-19;7110;7110;7110;7110;60;426600,0;7,48
2016-02-22;7110;7110;7110;7110;39;277290,0;0,0
2016-02-23;7145;7145;7145;7145;15;107175,0;0,49
2016-02-24;7000;7000;7000;7000;151;1057000,0;-2,03
2016-02-25;7000;7000;7000;7000;50;350000,0;0,0
2016-03-07;7000;7000;7000;7000;3;21000,0;0,0
2016-03-18;7000;7000;7000;7000;11;77000,0;0,0
2016-03-21;7000;7000;7000;7000;2;14000,0;0,0
2016-03-24;7000;7000;7000;7000;12;84000,0;0,0
2016-03-25;7000;7000;7000;7000;36;252000,0;0,0
2016-03-28;7000;7000;7000;7000;36;252000,0;0,0
2016-03-29;7000;7000;7000;7000;3;21000,0;0,0
2016-03-31;6500;6500;6500;6500;1;6500,0;-7,14
2016-04-01;6985;6985;6985;6985;1;6985,0;7,46
2016-04-05;6845;6845;6845;6845;15;102675,0;-2,0
2016-04-07;6845;6845;6845;6845;13;88985,0;0,0
2016-04-13;6795;6795;6795;6795;25;169875,0;-0,73
2016-04-15;6790;6790;6790;6790;10;67900,0;-0,07
2016-04-18;6800;6800;6800;6800;19;129200,0;0,15
2016-04-19;6850;6850;6850;6850;1;6850,0;0,74
2016-04-25;6500;6500;6500;6500;2;13000,0;-5,11
2016-04-29;6015;6015;6015;6015;14;84210,0;-7,46
2016-05-02;6015;6015;6015;6015;14;84210,0;0,0
2016-05-03;6000;6000;6000;6000;104;624000,0;-0,25
2016-05-04;6000;6000;6000;6000;25;150000,0;0,0
2016-05-05;6000;6000;6000;6000;25;150000,0;0,0
2016-05-06;6000;6000;6000;6000;290;1740000,0;0,0
2016-05-09;6000;6000;6000;6000;12;72000,0;0,0
2016-05-10;6000;6000;6000;6000;15;90000,0;0,0
2016-05-12;6000;6000;6000;6000;21;126000,0;0,0
2016-05-17;6000;6000;6000;6000;15;90000,0;0,0
2016-05-24;6300;6300;6300;6300;11;69300,0;5,0
2016-06-01;6195;6195;6195;6195;3;18585,0;-1,67
2016-06-03;6090;6090;6090;6090;8;48720,0;-1,69
2016-06-07;6075;6075;6075;6075;5;30375,0;-0,25
2016-06-08;6080;6080;6080;6080;13;79040,0;0,08
2016-06-09;6000;6000;6000;6000;2;12000,0;-1,32
2016-06-10;6000;6000;6000;6000;19;114000,0;0,0
2016-06-13;6000;6000;6000;6000;20;120000,0;0,0
2016-06-14;6000;6000;6000;6000;10;60000,0;0,0
2016-06-15;6000;6000;6000;6000;5;30000,0;0,0
2016-06-16;6000;6000;6000;6000;10;60000,0;0,0
2016-06-22;6000;6000;6000;6000;5;30000,0;0,0
2016-06-23;5550;5550;5550;5550;41;227550,0;-7,5
2016-06-24;5500;5500;5500;5500;10;55000,0;-0,9
2016-07-12;5600;5600;5600;5600;10;56000,0;1,82
2016-07-13;5600;5600;5600;5600;16;89600,0;0,0
2016-07-21;5600;5600;5600;5600;5;28000,0;0,0
2016-07-27;5600;5600;5600;5600;230;1288000,0;0,0
2016-07-28;5600;5600;5600;5600;5;28000,0;0,0
2016-08-02;5500;5500;5500;5500;5;27500,0;-1,79
2016-08-05;5500;5500;5500;5500;20;110000,0;0,0
2016-08-08;5500;5500;5500;5500;20;110000,0;0,0
2016-08-12;5400;5400;5400;5400;2;10800,0;-1,82
2016-08-15;5400;5400;5400;5400;2;10800,0;0,0
2016-08-16;5000;5000;5000;5000;20;100000,0;-7,41
2016-08-18;5300;5300;5300;5300;60;318000,0;6,0
2016-08-19;5300;5300;5300;5300;7;37100,0;0,0
2016-08-22;5500;5500;5500;5500;76;418000,0;3,77
2016-08-24;5300;5300;5300;5300;5;26500,0;-3,64
2016-08-26;5300;5300;5300;5300;1;5300,0;0,0
2016-09-05;5600;5600;5600;5600;11;61600,0;5,66
2016-09-07;5300;5300;5300;5300;73;386900,0;-5,36
2016-09-08;5000;5000;5000;5000;9;45000,0;-5,66
2016-09-14;5000;5000;5000;5000;1;5000,0;0,0
2016-09-15;5100;5100;5100;5100;13;66300,0;2,0
2016-09-21;5480;5480;5480;5480;6;32880,0;7,45
2016-09-22;5800;5800;5800;5800;18;104400,0;5,84
2016-09-23;5995;5995;5995;5995;17;101915,0;3,36
2016-09-27;5995;5995;5995;5995;5;29975,0;0,0
2016-09-28;5995;5995;5995;5995;15;89925,0;0,0
2016-09-30;5995;5995;5995;5995;90;539550,0;0,0
2016-10-12;5900;5900;5900;5900;25;147500,0;-1,58
2016-10-13;5500;5500;5500;5500;1;5500,0;-6,78
2016-10-19;5505;5505;5505;5505;1;5505,0;0,09
2016-10-21;5500;5500;5500;5500;13;71500,0;-0,09
2016-10-28;5500;5500;5500;5500;7;38500,0;0,0
2016-11-02;5500;5500;5500;5500;10;55000,0;0,0
2016-11-04;5900;5900;5900;5900;10;59000,0;7,27
2016-11-07;5910;5910;5910;5910;4;23640,0;0,17
2016-11-09;6000;6000;6000;6000;60;360000,0;1,52
2016-11-17;6450;6450;6450;6450;15;96750,0;7,5
2016-11-18;6715;6715;6715;6715;5;33575,0;4,11
2016-11-28;7000;7000;7000;7000;3;21000,0;4,24
2016-11-29;7525;7525;7525;7525;250;1881250,0;7,5
2016-12-01;7535;7535;7535;7535;6;45210,0;0,13
2016-12-05;8100;8100;8100;8100;36;291600,0;7,5
2016-12-09;8705;8705;8705;8705;3;26115,0;7,47
2016-12-12;8705;8705;8705;8705;3;26115,0;0,0
2016-12-13;9355;9355;9355;9355;30;280650,0;7,47
2016-12-14;10055;10055;10055;10055;10;100550,0;7,48
2016-12-15;10805;10805;10805;10805;35;378175,0;7,46
2016-12-16;11615;11615;11615;11615;35;406525,0;7,5
2016-12-19;12485;12485;12485;12485;2;24970,0;7,49
2016-12-20;13420;13420;13420;13420;75;1006500,0;7,49
2016-12-21;14425;14425;14425;14425;865;12477625,0;7,49
2016-12-22;14000;14000;14000;14000;714;9996000,0;-2,95
2016-12-23;13000;13000;13000;13000;120;1560000,0;-7,14
2016-12-26;13000;13000;13000;13000;120;1560000,0;0,0
2016-12-27;12995;12995;12995;12995;14;181930,0;-0,04
2016-12-28;12800;12800;12800;12800;22;281600,0;-1,5
2016-12-29;12000;12000;12000;12000;60;720000,0;-6,25
2016-12-30;11100;11100;11100;11100;4;44400,0;-7,5
2017-01-02;11000;11000;11000;11000;113;1243000,0;-0,9
2017-01-03;11000;11000;11000;11000;2;22000,0;0,0
2017-01-04;10900;10900;10900;10900;30;327000,0;-0,91
2017-01-05;10850;10850;10850;10850;20;217000,0;-0,46
2017-01-06;10795;10795;10795;10795;2;21590,0;-0,51
2017-01-12;10790;10790;10790;10790;12;129480,0;-0,05
2017-01-25;9985;9985;9985;9985;3;29955,0;-7,46
2017-01-26;9500;9500;9500;9500;48;456000,0;-4,86
2017-01-30;9900;9900;9900;9900;2;19800,0;4,21
2017-01-31;9850;9850;9850;9850;6;59100,0;-0,51
2017-02-01;9985;9985;9985;9985;10;99850,0;1,37
2017-02-07;9240;9240;9240;9240;15;138600,0;-7,46
2017-02-09;8550;8550;8550;8550;5;42750,0;-7,47
2017-02-10;8000;8000;8000;8000;2;16000,0;-6,43
2017-02-15;7400;7400;7400;7400;1;7400,0;-7,5
2017-02-20;6845;6845;6845;6845;9;61605,0;-7,5
2017-02-22;6335;6335;6335;6335;83;525805,0;-7,45
2017-02-23;6000;6000;6000;6000;20;120000,0;-5,29
2017-02-27;5800;5800;5800;5800;18;104400,0;-3,33
2017-03-01;6100;6100;6100;6100;9;54900,0;5,17
2017-03-02;6500;6500;6500;6500;32;208000,0;6,56
2017-03-03;6555;6555;6555;6555;17;111435,0;0,85
2017-03-06;6500;6500;6500;6500;2;13000,0;-0,84
2017-03-20;6500;6500;6500;6500;6;39000,0;0,0
2017-03-22;6500;6500;6500;6500;4;26000,0;0,0
2017-04-10;6400;6400;6400;6400;6;38400,0;-1,54
2017-04-11;5920;5920;5920;5920;51;301920,0;-7,5
2017-04-12;5900;5900;5900;5900;5;29500,0;-0,34
2017-04-13;5460;5460;5460;5460;10;54600,0;-7,46
2017-04-24;5060;5060;5060;5060;2;10120,0;-7,33
2017-04-26;5000;5000;5000;5000;14;70000,0;-1,19
2017-04-27;5000;5000;5000;5000;1;5000,0;0,0
2017-05-02;5000;5000;5000;5000;2;10000,0;0,0
2017-05-03;5000;5000;5000;5000;32;160000,0;0,0
2017-05-04;5000;5000;5000;5000;20;100000,0;0,0
2017-05-09;4750;4750;4750;4750;5;23750,0;-5,0
2017-05-11;4750;4750;4750;4750;8;38000,0;0,0
2017-05-12;5000;5000;5000;5000;50;250000,0;5,26
2017-05-16;5000;5000;5000;5000;3;15000,0;0,0
2017-05-19;5000;5000;5000;5000;2;10000,0;0,0
2017-05-23;5000;5000;5000;5000;7;35000,0;0,0
2017-05-24;5000;5000;5000;5000;10;50000,0;0,0
2017-05-25;5000;5000;5000;5000;10;50000,0;0,0
2017-05-29;5000;5000;5000;5000;80;400000,0;0,0
2017-05-31;5000;5000;5000;5000;14;70000,0;0,0
2017-06-01;5000;5000;5000;5000;10;50000,0;0,0
2017-06-02;4625;4625;4625;4625;20;92500,0;-7,5
2017-06-05;4625;4625;4625;4625;20;92500,0;0,0
2017-06-07;4290;4290;4290;4290;10;42900,0;-7,24
2017-06-08;4290;4290;4290;4290;10;42900,0;0,0
2017-06-13;4290;4290;4290;4290;17;72930,0;0,0
2017-06-14;4290;4290;4290;4290;2;8580,0;0,0
2017-06-15;3970;3970;3970;3970;6;23820,0;-7,46
2017-06-19;3970;3970;3970;3970;2;7940,0;0,0
2017-06-20;3970;3970;3970;3970;1;3970,0;0,0
2017-06-21;3675;3675;3675;3675;1;3675,0;-7,43
2017-06-22;3675;3675;3675;3675;1;3675,0;0,0
2017-06-28;3605;3605;3605;3605;54;194670,0;-1,9
2017-07-10;3875;3875;3875;3875;3;11625,0;7,49
2017-07-13;4165;4165;4165;4165;10;41650,0;7,48
2017-07-17;4475;4475;4475;4475;10;44750,0;7,44
2017-07-24;4810;4810;4810;4810;7;33670,0;7,49
2017-07-25;5170;5170;5170;5170;4;20680,0;7,48
2017-07-28;5500;5500;5500;5500;8;44000,0;6,38
2017-08-01;5910;5910;5910;5910;2;11820,0;7,45
2017-08-09;5915;5915;5915;5915;36;212940,0;0,08
2017-08-14;5915;5915;5915;5915;1;5915,0;0,0
2017-08-15;5915;5915;5915;5915;1;5915,0;0,0
2017-08-16;5910;5910;5910;5910;10;59100,0;-0,08
2017-08-17;6005;6005;6005;6005;47;282235,0;1,61
2017-08-18;6200;6200;6200;6200;1;6200,0;3,25
2017-08-21;6000;6000;6000;6000;8;48000,0;-3,23
2017-08-22;6450;6450;6450;6450;61;393450,0;7,5
2017-08-23;6450;6450;6450;6450;29;187050,0;0,0
2017-08-24;6600;6600;6600;6600;10;66000,0;2,33
2017-08-25;6500;6500;6500;6500;13;84500,0;-1,52
2017-08-28;6500;6500;6500;6500;25;162500,0;0,0
2017-08-30;6500;6500;6500;6500;66;429000,0;0,0
2017-08-31;6500;6500;6500;6500;23;149500,0;0,0
2017-09-01;6500;6500;6500;6500;23;149500,0;0,0
2017-09-04;6500;6500;6500;6500;13;84500,0;0,0
2017-09-07;6300;6300;6300;6300;5;31500,0;-3,08
2017-09-08;6300;6300;6300;6300;11;69300,0;0,0
2017-09-13;6400;6400;6400;6400;12;76800,0;1,59
2017-09-14;6000;6000;6000;6000;40;240000,0;-6,25
2017-09-15;6400;6400;6400;6400;3;19200,0;6,67
2017-09-28;6100;6100;6100;6100;6;36600,0;-4,69
2017-10-02;5915;5915;5915;5915;1;5915,0;-3,03
2017-10-03;5915;5915;5915;5915;9;53235,0;0,0
2017-10-04;6000;6000;6000;6000;5;30000,0;1,44
2017-10-19;5550;5550;5550;5550;4;22200,0;-7,5
2017-10-20;5135;5135;5135;5135;1;5135,0;-7,48
2017-11-02;5000;5000;5000;5000;4;20000,0;-2,63
2017-11-16;4625;4625;4625;4625;2;9250,0;-7,5
2017-11-20;4280;4280;4280;4280;5;21400,0;-7,46
2017-11-21;4280;4280;4280;4280;4;17120,0;0,0
2017-11-23;3970;3970;3970;3970;3;11910,0;-7,24
2017-11-27;3950;3950;3950;3950;10;39500,0;-0,5
2017-11-29;3950;3950;3950;3950;2;7900,0;0,0
2017-11-30;3950;3950;3950;3950;1;3950,0;0,0
2017-12-01;3950;3950;3950;3950;1;3950,0;0,0
2017-12-04;3950;3950;3950;3950;14;55300,0;0,0
2017-12-08;3950;3950;3950;3950;2;7900,0;0,0
2017-12-21;3950;3950;3950;3950;10;39500,0;0,0
2017-12-26;3950;3950;3950;3950;2;7900,0;0,0
2017-12-27;3950;3950;3950;3950;3;11850,0;0,0
2017-12-29;3950;3950;3950;3950;13;51350,0;0,0
2018-01-02;3950;3950;3950;3950;6;23700,0;0,0
2018-01-11;4150;4150;4150;4150;200;830000,0;5,06
2018-01-12;3955;3955;3955;3955;15;59325,0;-4,7
2018-01-15;3950;3950;3950;3950;15;59250,0;-0,13
2018-01-16;3955;3955;3955;3955;32;126560,0;0,13
2018-01-17;3955;3955;3955;3955;18;71190,0;0,0
2018-01-19;3955;3955;3955;3955;11;43505,0;0,0
2018-01-22;3955;3955;3955;3955;5;19775,0;0,0
2018-02-01;3955;3955;3955;3955;17;67235,0;0,0
2018-02-02;3955;3955;3955;3955;50;197750,0;0,0
2018-02-06;3955;3955;3955;3955;25;98875,0;0,0
2018-02-13;3955;3955;3955;3955;4;15820,0;0,0
2018-02-20;3900;3900;3900;3900;27;105300,0;-1,39
2018-02-23;3850;3850;3850;3850;13;50050,0;-1,28
2018-02-26;3850;3850;3850;3850;3;11550,0;0,0
2018-03-12;3850;3850;3850;3850;1;3850,0;0,0
2018-03-14;3565;3565;3565;3565;8;28520,0;-7,4
2018-03-19;3600;3600;3600;3600;10;36000,0;0,98
2018-03-20;3595;3595;3595;3595;34;122230,0;-0,14
2018-03-26;3860;3860;3860;3860;1;3860,0;7,37
2018-03-29;3860;3860;3860;3860;52;200720,0;0,0
2018-04-05;3800;3800;3800;3800;10;38000,0;-1,55
2018-04-06;3860;3860;3860;3860;3;11580,0;1,58
2018-04-12;3860;3860;3860;3860;6;23160,0;0,0
2018-04-16;3860;3860;3860;3860;1;3860,0;0,0
2018-04-19;3575;3575;3575;3575;5;17875,0;-7,38
2018-04-20;3575;3575;3575;3575;9;32175,0;0,0
2018-04-23;3310;3310;3310;3310;5;16550,0;-7,41
2018-04-24;3300;3300;3300;3300;2;6600,0;-0,3
2018-05-11;2825;2825;2825;2825;12;33900,0;-14,39
2018-05-14;2825;2825;2825;2825;3;8475,0;0,0
2018-05-16;2980;2980;2980;2980;1;2980,0;5,49
2018-05-25;2800;2800;2800;2800;10;28000,0;-6,04
2018-05-28;2800;2800;2800;2800;30;84000,0;0,0
2018-05-29;2800;2800;2800;2800;6;16800,0;0,0
2018-06-01;3010;3010;3010;3010;1;3010,0;7,5
2018-06-04;3235;3235;3235;3235;1;3235,0;7,48
2018-06-05;3275;3275;3275;3275;1;3275,0;1,24
2018-06-06;3100;3100;3100;3100;158;489800,0;-5,34
2018-06-07;3100;3100;3100;3100;44;136400,0;0,0
2018-06-08;3100;3100;3100;3100;3;9300,0;0,0
2018-06-11;3100;3100;3100;3100;3;9300,0;0,0
2018-06-13;2870;2870;2870;2870;53;152110,0;-7,42
2018-06-14;2870;2870;2870;2870;53;152110,0;0,0
2018-07-04;3305;3305;3305;3305;5;16525,0;15,16
2018-07-05;3305;3305;3305;3305;1;3305,0;0,0
2018-07-10;3305;3305;3305;3305;142;469310,0;0,0
2018-07-11;3305;3305;3305;3305;22;72710,0;0,0
2018-07-13;3310;3310;3310;3310;7;23170,0;0,15
2018-07-18;3310;3310;3310;3310;7;23170,0;0,0
2018-07-19;3305;3305;3305;3305;126;416430,0;-0,15
2018-07-20;3305;3305;3305;3305;29;95845,0;0,0
2018-07-26;3305;3305;3305;3305;29;95845,0;0,0
2018-07-30;3300;3300;3300;3300;23;75900,0;-0,15
2018-08-03;3500;3500;3500;3500;2;7000,0;6,06
2018-08-06;3500;3500;3500;3500;2;7000,0;0,0
2018-08-07;3500;3500;3500;3500;2;7000,0;0,0
2018-08-08;3500;3500;3500;3500;8;28000,0;0,0
2018-08-09;3500;3500;3500;3500;18;63000,0;0,0
2018-08-22;3600;3600;3600;3600;40;144000,0;2,86
2018-08-24;3600;3600;3600;3600;15;54000,0;0,0
2018-08-31;3600;3600;3600;3600;50;180000,0;0,0
2018-09-05;3530;3530;3530;3530;191;674230,0;-1,94
2018-09-28;3530;3530;3530;3530;10;35300,0;0,0
2018-10-02;3600;3600;3600;3600;10;36000,0;1,98
2018-10-04;3530;3530;3530;3530;2;7060,0;-1,94
2018-10-17;3535;3535;3535;3535;200;707000,0;0,14
2018-10-22;3540;3540;3540;3540;10;35400,0;0,14
2018-10-29;3535;3535;3535;3535;100;353500,0;-0,14
2018-11-05;3550;3550;3550;3550;5;17750,0;0,42
2018-11-19;3600;3600;3600;3600;1;3600,0;1,41
2018-11-20;3600;3600;3600;3600;1;3600,0;0,0
2018-11-23;3600;3600;3600;3600;5;18000,0;0,0
2018-12-03;3600;3600;3600;3600;1;3600,0;0,0
2018-12-21;3600;3600;3600;3600;36;129600,0;0,0
2019-01-07;3600;3600;3600;3600;2;7200,0;0,0
2019-01-08;3600;3600;3600;3600;110;396000,0;0,0
2019-01-10;3600;3600;3600;3600;13;46800,0;0,0
2019-01-18;3600;3600;3600;3600;5;18000,0;0,0
2019-01-24;3600;3600;3600;3600;8;28800,0;0,0
2019-01-31;3600;3600;3600;3600;10;36000,0;0,0
2019-02-07;3605;3605;3605;3605;5;18025,0;0,14
2019-03-18;3605;3605;3605;3605;4;14420,0;0,0
2019-03-19;3605;3605;3605;3605;15;54075,0;0,0
2019-03-22;3605;3605;3605;3605;26;93730,0;0,0
2019-03-27;3595;3595;3595;3595;2;7190,0;-0,28
2019-03-28;3560;3560;3560;3560;19;67640,0;-0,97
2019-04-02;3560;3560;3560;3560;1;3560,0;0,0
2019-04-26;3555;3555;3555;3555;2;7110,0;-0,14
2019-05-06;3560;3560;3560;3560;2;7120,0;0,14
2019-05-28;3295;3295;3295;3295;1;3295,0;-7,44
2019-06-03;3250;3250;3250;3250;20;65000,0;-1,37
2019-06-21;3300;3300;3300;3300;1;3300,0;1,54
2019-06-26;3300;3300;3300;3300;1;3300,0;0,0
2019-07-17;3300;3300;3300;3300;13;42900,0;0,0
2019-07-19;3250;3250;3250;3250;17;55250,0;-1,52
2019-08-28;3200;3200;3200;3200;2;6400,0;-1,54
2019-10-21;2960;2960;2960;2960;1;2960,0;-7,5
2019-10-31;2900;2900;2900;2900;1;2900,0;-2,03
2019-11-01;2900;2900;2900;2900;1;2900,0;0,0
2019-11-04;2900;2900;2900;2900;15;43500,0;0,0
2019-11-05;2900;2900;2900;2900;14;40600,0;0,0
2019-11-11;2960;2960;2960;2960;3;8880,0;2,07
2019-11-13;2900;2900;2900;2900;5;14500,0;-2,03
2019-11-21;2900;2900;2900;2900;7;20300,0;0,0
2019-11-27;2740;2740;2740;2740;1;2740,0;-5,52
2019-12-18;2740;2740;2740;2740;2;5480,0;0,0
2020-01-07;2750;2750;2740;2740;18;49410,0;0,0
2020-01-16;2740;2740;2740;2740;3;8220,0;0,0
2020-02-10;2740;2740;2740;2740;3;8220,0;0,0
2020-02-17;2535;2535;2535;2535;12;30420,0;-7,48
2020-02-19;2535;2535;2535;2535;3;7605,0;0,0
2020-02-24;2500;2535;2500;2535;4;10070,0;0,0
2020-02-25;2535;2535;2535;2535;10;25350,0;0,0
2020-02-27;2535;2535;2500;2500;18;45315,0;-1,38
2020-03-05;2495;2495;2495;2495;15;37425,0;-0,2
2020-03-10;2495;2495;2495;2495;5;12475,0;0,0
2020-03-11;2500;2500;2500;2500;22;55000,0;0,2
2020-03-13;2500;2500;2495;2495;36;89910,0;-0,2
2020-05-08;2400;2400;2400;2400;3;7200,0;-3,81
2020-06-03;2400;2400;2400;2400;5;12000,0;0,0
2020-06-17;2220;2220;2220;2220;5;11100,0;-7,5
2020-06-25;2055;2055;2055;2055;205;421275,0;-7,43
2020-06-26;2055;2055;2005;2005;157;318710,0;-2,43
2020-06-29;1965;1965;1965;1965;50;98250,0;-2,0
2020-07-01;1985;1985;1985;1985;1;1985,0;1,02
2020-07-02;1980;1980;1980;1980;50;99000,0;-0,25
2020-07-22;1900;1900;1900;1900;35;66500,0;-4,04
2020-07-24;1900;1900;1900;1900;11;20900,0;0,0
2020-07-27;1900;1900;1900;1900;1;1900,0;0,0
2020-07-30;1760;1760;1760;1760;1;1760,0;-7,37
2020-07-31;1760;1760;1760;1760;1;1760,0;0,0
2020-08-03;1760;1760;1760;1760;4;7040,0;0,0
2020-08-11;1890;1890;1890;1890;5;9450,0;7,39
2020-09-10;1890;1890;1890;1890;4;7560,0;0,0
2020-09-17;1890;1890;1890;1890;1;1890,0;0,0
2020-09-21;1890;1890;1890;1890;6;11340,0;0,0
2020-10-12;1750;1750;1750;1750;2;3500,0;-7,41
2020-11-05;1620;1620;1620;1620;6;9720,0;-7,43
2020-11-24;1630;1630;1630;1630;5;8150,0;0,62
2020-11-27;1620;1620;1620;1620;10;16200,0;-0,61
2020-11-30;1520;1520;1520;1520;10;15200,0;-6,17
2020-12-04;1520;1520;1520;1520;30;45600,0;0,0
2020-12-14;1425;1425;1425;1425;22;31350,0;-6,25
2020-12-16;1325;1325;1325;1325;22;29150,0;-7,02
2020-12-17;1230;1230;1230;1230;15;18450,0;-7,17
2020-12-18;1230;1230;1230;1230;100;123000,0;0,0
2020-12-22;1230;1230;1230;1230;15;18450,0;0,0
2020-12-23;1230;1230;1230;1230;5;6150,0;0,0
2020-12-24;1230;1230;1230;1230;10;12300,0;0,0
2020-12-25;1230;1230;1230;1230;10;12300,0;0,0
2021-01-07;1230;1230;1230;1230;3;3690,0;0,0
2021-01-08;1230;1230;1230;1230;100;123000,0;0,0
2021-01-12;1320;1320;1320;1320;10;13200,0;7,32
2021-01-26;1320;1320;1300;1300;33;43230,0;-1,52
2021-01-27;1320;1320;1320;1320;171;225720,0;1,54
2021-02-04;1330;1330;1330;1330;24;31920,0;0,76
2021-02-05;1330;1330;1330;1330;16;21280,0;0,0
2021-03-02;1325;1325;1325;1325;1;1325,0;-0,38
2021-03-17;1330;1330;1230;1230;173;221440,0;-7,17
2021-03-23;1140;1140;1140;1140;157;178980,0;-7,32
2021-03-25;1140;1140;1140;1140;175;199500,0;0,0
2021-04-01;1140;1140;1140;1140;15;17100,0;0,0
2021-04-14;1140;1140;1140;1140;221;251940,0;0,0
2021-04-16;1140;1140;1140;1140;10;11400,0;0,0
2021-04-27;1140;1140;1140;1140;40;45600,0;0,0
2021-04-28;1140;1140;1140;1140;5;5700,0;0,0
2021-04-29;1140;1140;1140;1140;5;5700,0;0,0
2021-05-20;1145;1145;1140;1140;1437;1641772,0;0,0
2021-05-26;1200;1200;1200;1200;100;120000,0;5,26
2021-05-27;1290;1290;1290;1290;715;922350,0;7,5
2021-06-04;1385;1385;1385;1385;77;106645,0;7,36
2021-06-07;1450;1485;1450;1485;281;412368,0;7,22
2021-06-08;1595;1595;1595;1595;69;110055,0;7,41
2021-06-16;1600;1600;1600;1600;10;16000,0;0,31
2021-06-17;1720;1720;1720;1720;150;258000,0;7,5
2021-06-21;1720;1720;1720;1720;60;103200,0;0,0
2021-06-25;1720;1720;1720;1720;241;414520,0;0,0
2021-07-01;1845;1845;1845;1845;5;9225,0;7,27
2021-07-02;1980;1980;1950;1950;284;558060,0;5,69
2021-07-07;2095;2095;2095;2095;6;12570,0;7,44
2021-07-08;2250;2250;2250;2250;1;2250,0;7,4
2021-07-09;2415;2415;2415;2415;1;2415,0;7,33
2021-07-12;2595;2595;2595;2595;1;2595,0;7,45
2021-07-13;2785;2785;2785;2785;1;2785,0;7,32
2021-07-14;2990;2990;2990;2990;96;287040,0;7,36
2021-07-15;3210;3210;3210;3210;298;956580,0;7,36
2021-07-19;3450;3450;3450;3450;205;707250,0;7,48
2021-07-20;3450;3450;3450;3450;205;707250,0;0,0
2021-07-21;3455;3455;3450;3450;25;86312,0;0,0
2021-07-22;3705;3705;3705;3705;30;111150,0;7,39
2021-07-23;3710;3710;3710;3710;22;81620,0;0,13
2021-07-27;3710;3710;3450;3450;22;78760,0;-7,01
2021-07-28;3455;3455;3450;3450;274;945985,0;0,0
2021-07-29;3455;3705;3455;3705;85;304300,0;7,39
2021-07-30;3980;3980;3980;3980;17;67660,0;7,42
2021-08-02;4000;4275;4000;4275;93;384788,0;7,41
2021-08-03;4275;4595;4275;4595;149;660815,0;7,49
2021-08-04;4595;4595;4300;4300;592;2632920,0;-6,42
2021-08-05;4620;4620;4620;4620;1;4620,0;7,44
2021-08-06;4965;4965;4965;4965;1;4965,0;7,47
2021-08-09;4960;5335;4960;5335;6;30885,0;7,45
2021-08-10;5335;5335;5335;5335;793;4230655,0;0,0
2021-08-11;4935;4935;4935;4935;1;4935,0;-7,5
2021-08-12;4935;4935;4565;4565;24;114000,0;-7,5
2021-08-13;4565;4905;4565;4905;30;142050,0;7,45
2021-08-16;4565;4565;4565;4565;66;301290,0;-6,93
2021-08-17;4565;4565;4225;4225;16;70320,0;-7,45
2021-08-19;4225;4225;3910;3910;20;81350,0;-7,46
2021-08-20;3915;3915;3890;3890;600;2341500,0;-0,51
2021-08-23;4000;4000;3600;3600;195;741000,0;-7,46
2021-08-24;3705;3705;3705;3705;100;370500,0;2,92
2021-08-25;3980;3980;3980;3980;270;1074600,0;7,42
2021-08-26;3980;3980;3980;3980;43;171140,0;0,0
2021-08-27;3705;4275;3705;4275;7;27930,0;7,41
2021-08-30;4300;4300;3955;3955;46;189865,0;-7,49
2021-08-31;4250;4250;4250;4250;15;63750,0;7,46
2021-09-01;4250;4250;4250;4250;20;85000,0;0,0
2021-09-02;4450;4450;4250;4250;4;17400,0;0,0
2021-09-03;4250;4250;4250;4250;322;1368500,0;0,0
2021-09-06;4250;4250;4250;4250;300;1275000,0;0,0
2021-09-07;4450;4450;4450;4450;1;4450,0;4,71
2021-09-09;4395;4395;4120;4120;86;366145,0;-7,42
2021-09-10;4425;4425;4425;4425;9;39825,0;7,4
2021-09-14;4425;4425;4425;4425;4;17700,0;0,0
2021-09-15;4425;4755;4425;4755;7;32130,0;7,46
2021-09-17;4755;4755;4755;4755;2;9510,0;0,0
2021-09-27;4755;5110;4755;5110;297;1464952,0;7,47
2021-09-28;5490;5490;5490;5490;197;1081530,0;7,44
2021-09-29;5900;5900;5900;5900;173;1020700,0;7,47
2021-09-30;6340;6340;6340;6340;686;4349240,0;7,46
2021-10-01;6815;6815;6815;6815;45;306675,0;7,49
2021-10-04;7325;7325;7325;7325;2;14650,0;7,48
2021-10-05;7870;7870;7870;7870;510;4013700,0;7,44
2021-10-06;7330;7330;7280;7280;35;255675,0;-7,5
2021-10-07;6735;6735;6735;6735;29;195315,0;-7,49
2021-10-08;6230;6230;6230;6230;23;143290,0;-7,5
2021-10-11;6200;6200;5900;5900;82;496100,0;-5,3
2021-10-12;6230;6230;5500;5500;105;615825,0;-6,78
2021-10-13;5910;5910;5910;5910;5;29550,0;7,45
2021-10-14;6350;6350;5605;5605;215;1285162,0;-5,16
2021-10-15;6025;6025;5600;5600;385;2237812,0;-0,09
2021-10-18;6025;6025;5600;5600;385;2237812,0;0,0
2021-10-19;5600;6015;5600;6015;438;2543685,0;7,41
2021-10-20;6460;6460;6460;6460;270;1744200,0;7,4
2021-10-21;6700;6700;6000;6000;123;781050,0;-7,12
2021-10-22;6450;6450;6050;6050;77;481250,0;0,83
2021-10-25;6050;6495;6050;6495;60;376350,0;7,36
2021-10-26;6895;6980;6895;6980;660;4578750,0;7,47
2021-10-28;7000;7000;7000;7000;3;21000,0;0,29
2021-10-29;7000;7000;6475;6475;46;309925,0;-7,5
2021-11-01;7000;7000;6475;6475;46;309925,0;0,0
2021-11-02;6960;6960;6475;6475;220;1477850,0;0,0
2021-11-04;6470;6960;6470;6960;5;33575,0;7,49
2021-11-05;7400;7400;7400;7400;3;22200,0;6,32
2021-11-08;7400;7400;7400;7400;17;125800,0;0,0
2021-11-09;7200;7200;6845;6845;17;119382,0;-7,5
2021-11-10;6500;7355;6500;7355;85;588838,0;7,45
2021-11-11;7200;7200;6805;6805;91;637228,0;-7,48
2021-11-17;6665;6665;6665;6665;2;13330,0;-2,06
2021-11-18;6170;6170;6170;6170;43;265310,0;-7,43
2021-11-19;6170;6170;5800;5800;273;1633905,0;-6,0
2021-11-22;5365;6235;5365;6235;5;29000,0;7,5
2021-11-23;6235;6235;5800;5800;168;1010940,0;-6,98
2021-11-24;5805;5805;5365;5365;360;2010600,0;-7,5
2021-11-25;5365;5370;5365;5370;112;601160,0;0,09
2021-11-26;5405;5405;4970;4970;232;1203500,0;-7,45
2021-11-29;5200;5200;4600;4600;120;588000,0;-7,44
2021-11-30;4945;4945;4600;4600;92;439070,0;0,0
2021-12-01;4600;4600;4260;4260;59;261370,0;-7,39
2021-12-02;4575;4575;4350;4350;6;26775,0;2,11
2021-12-03;4675;4675;4675;4675;1;4675,0;7,47
2021-12-06;4350;4350;4350;4350;174;756900,0;-6,95
2021-12-07;4675;4675;4375;4375;72;325800,0;0,57
2021-12-08;4380;4700;4380;4700;42;190680,0;7,43
2021-12-09;4700;4700;4400;4400;70;318500,0;-6,38
2021-12-10;4415;4415;4415;4415;2;8830,0;0,34
2021-12-13;4745;4745;4745;4745;1;4745,0;7,47
2021-12-14;5100;5100;4750;4750;33;162525,0;0,11
2021-12-15;5100;5100;4760;4760;6;29580,0;0,21
2021-12-16;5100;5115;5100;5115;36;183870,0;7,46
2021-12-17;5160;5160;4800;4800;50;249000,0;-6,16
2021-12-20;4760;5160;4760;5160;57;282720,0;7,5
2021-12-21;5495;5495;5495;5495;1;5495,0;6,49
2021-12-22;5495;5495;5495;5495;5;27475,0;0,0
2021-12-23;5500;5500;5500;5500;29;159500,0;0,09
2021-12-24;5090;5090;5090;5090;3;15270,0;-7,45
2021-12-27;4900;4900;4750;4750;69;332925,0;-6,68
2021-12-28;5105;5105;5105;5105;1;5105,0;7,47
2021-12-29;5485;5485;5485;5485;1;5485,0;7,44
2021-12-30;5110;5110;5110;5110;10;51100,0;-6,84
2021-12-31;5490;5490;5120;5120;33;175065,0;0,2
2022-01-03;5120;5500;5120;5500;3;15930,0;7,42
2022-01-04;5500;5500;5500;5500;56;308000,0;0,0
2022-01-05;5910;5910;5850;5850;3;17640,0;6,36
2022-01-06;5850;5850;5800;5800;35;203875,0;-0,85
2022-01-07;5780;5785;5780;5785;66;381645,0;-0,26
2022-01-10;5785;5845;5785;5845;35;203525,0;1,04
2022-01-11;5785;5785;5780;5780;18;104085,0;-1,11
2022-01-12;5775;5775;5350;5350;4;22250,0;-7,44
2022-01-13;4950;4950;4950;4950;48;237600,0;-7,48
2022-01-17;4950;4950;4950;4950;31;153450,0;0,0
2022-01-18;4950;4950;4950;4950;3;14850,0;0,0
2022-01-19;4950;4950;4700;4700;35;168875,0;-5,05
2022-01-25;4800;4800;4800;4800;1;4800,0;2,13
2022-01-27;4810;4810;4810;4810;16;76960,0;0,21
2022-01-28;4810;4810;4810;4810;15;72150,0;0,0
2022-01-31;5050;5050;4820;4820;22;108570,0;0,21
2022-02-01;5170;5170;4840;4840;26;130130,0;0,41
2022-02-04;4900;4900;4840;4840;56;272720,0;0,0
2022-02-09;4855;4855;4850;4850;44;213510,0;0,21
2022-02-10;4865;4865;4865;4865;47;228655,0;0,31
2022-02-11;4855;4855;4855;4855;1;4855,0;-0,21
2022-02-14;4855;4855;4855;4855;55;267025,0;0,0
2022-02-16;4950;4950;4950;4950;5;24750,0;1,96
2022-02-17;4950;4950;4950;4950;5;24750,0;0,0
2022-02-18;5320;5320;5320;5320;20;106400,0;7,47
2022-02-22;5500;5500;5000;5000;15;78750,0;-6,02
2022-02-23;5375;5375;5375;5375;4;21500,0;7,5
2022-02-24;5375;5375;5375;5375;1;5375,0;0,0
2022-02-25;5775;5775;5775;5775;20;115500,0;7,44
2022-02-28;5775;5775;5775;5775;2;11550,0;0,0
2022-03-01;5775;5775;5775;5775;10;57750,0;0,0
2022-03-02;5660;5660;5500;5500;41;228780,0;-4,76
2022-03-03;5400;5400;5400;5400;95;513000,0;-1,82
2022-03-04;5000;5000;5000;5000;5;25000,0;-7,41
2022-03-07;5000;5000;5000;5000;105;525000,0;0,0
2022-03-11;5080;5080;5075;5075;97;492518,0;1,5
2022-03-14;5425;5425;5000;5000;45;234562,0;-1,48
2022-03-16;5370;5370;5370;5370;25;134250,0;7,4
2022-03-17;5300;5455;5300;5455;30;161325,0;1,58
2022-03-18;5860;5860;5050;5050;31;169105,0;-7,42
2022-03-22;5420;5420;5420;5420;162;878040,0;7,33
2022-03-23;5130;5420;5130;5420;50;263750,0;0,0
2022-03-24;5825;5825;5825;5825;10;58250,0;7,47
2022-03-25;5800;5800;5390;5390;30;167850,0;-7,47
2022-03-29;5700;5700;5700;5700;100;570000,0;5,75
2022-03-30;5630;5630;5630;5630;309;1739670,0;-1,23
2022-03-31;5630;5630;5630;5630;3;16890,0;0,0
2022-04-01;6000;6000;6000;6000;17;102000,0;6,57
2022-04-04;5880;6400;5880;6400;41;251740,0;6,67
2022-04-05;5920;5920;5920;5920;1;5920,0;-7,5
2022-04-06;6350;6350;6350;6350;57;361950,0;7,26
2022-04-07;6500;6700;6500;6700;171;1128600,0;5,51
2022-04-08;6500;6700;6500;6700;171;1128600,0;0,0
2022-04-11;6900;6900;6200;6200;205;1342750,0;-7,46
2022-04-12;6900;6900;6200;6200;205;1342750,0;0,0
2022-04-15;6200;6200;6200;6200;2;12400,0;0,0
2022-04-19;6200;6650;6200;6650;114;732450,0;7,26
2022-04-20;6700;7000;6700;7000;87;595950,0;5,26
2022-04-21;7000;7525;7000;7525;18;130725,0;7,5
2022-04-22;6965;7000;6965;7000;42;293265,0;-6,98
2022-04-25;7400;7400;6475;6475;42;291375,0;-7,5
2022-04-26;6480;6480;6480;6480;50;324000,0;0,08
2022-04-27;6480;6480;6480;6480;50;324000,0;0,0
2022-04-29;6800;6800;6475;6475;35;232312,0;-0,08
2022-05-02;6800;6800;6475;6475;35;232312,0;0,0
2022-05-03;6800;6800;6800;6800;7;47600,0;5,02
2022-05-04;7000;7000;7000;7000;25;175000,0;2,94
2022-05-05;7000;7525;7000;7525;41;297762,0;7,5
2022-05-06;7200;8085;7200;8085;46;351555,0;7,44
2022-05-09;8100;8100;8100;8100;60;486000,0;0,19
2022-05-10;8100;8260;8100;8260;190;1554200,0;1,98
2022-05-11;8260;8260;8150;8150;80;656400,0;-1,33
2022-05-12;8260;8260;8150;8150;80;656400,0;0,0
2022-05-13;8150;8200;8150;8200;155;1267125,0;0,61
2022-05-16;8300;8360;8300;8360;7;58310,0;1,95
2022-05-17;8360;8525;8360;8525;28;236390,0;1,97
2022-05-18;8150;8690;8150;8690;10;84200,0;1,94
2022-05-19;8860;8860;8860;8860;11;97460,0;1,96
2022-05-20;8860;8860;8860;8860;1;8860,0;0,0
2022-05-23;8860;8860;8860;8860;1;8860,0;0,0
2022-05-24;9035;9035;9035;9035;6;54210,0;1,98
2022-05-25;9035;9035;9035;9035;6;54210,0;0,0
2022-05-31;9035;9710;9035;9710;24;224940,0;7,47
2022-06-01;9900;9900;9900;9900;16;158400,0;1,96
2022-06-02;9900;9900;9900;9900;16;158400,0;0,0
2022-06-08;10100;10100;10100;10100;5;50500,0;2,02
2022-06-09;10300;10300;10300;10300;2;20600,0;1,98
2022-06-10;10300;10300;10300;10300;2;20600,0;0,0
2022-06-13;10505;10505;10505;10505;1;10505,0;1,99
2022-06-14;10505;10505;10505;10505;1;10505,0;0,0
2022-06-16;10505;10505;10505;10505;10;105050,0;0,0
2022-06-17;11290;11290;11290;11290;3;33870,0;7,47
2022-06-20;11515;11515;11515;11515;1;11515,0;1,99
2022-06-21;11515;11515;11515;11515;1;11515,0;0,0
2022-06-22;12135;12135;12135;12135;1;12135,0;5,38
2022-06-23;12135;12135;12135;12135;1;12135,0;0,0
2022-06-24;12135;12135;12135;12135;10;121350,0;0,0
2022-06-27;12135;12135;12135;12135;10;121350,0;0,0
2022-06-29;11490;11490;11490;11490;40;459600,0;-5,32
2022-06-30;11490;11490;11485;11485;13;149338,0;-0,04
2022-07-01;11490;11490;11485;11485;13;149338,0;0,0
2022-07-04;11485;11490;11485;11490;529;6076888,0;0,04
2022-07-05;11485;11490;11485;11490;599;6881012,0;0,0
2022-07-06;11485;11495;11485;11495;102;1171980,0;0,04
2022-07-07;11495;11495;11495;11495;100;1149500,0;0,0
2022-07-08;11495;11495;11495;11495;5;57475,0;0,0
2022-07-11;10640;10650;10640;10650;266;2831570,0;-7,35
2022-07-12;10640;11495;10640;11495;279;3087832,0;7,93
2022-07-13;11495;11495;10640;10640;173;1914678,0;-7,44
2022-07-14;11430;11430;9850;9850;65;691600,0;-7,42
2022-07-15;9800;10585;9800;10585;185;1885612,0;7,46
2022-07-18;10585;10585;9800;9800;637;6492622,0;-7,42
2022-07-19;9800;9800;9065;9065;628;5923610,0;-7,5
2022-07-20;9065;9065;8395;8395;30;261900,0;-7,39
2022-07-21;8150;8150;7990;7990;107;863490,0;-4,82
2022-07-22;7990;7990;7395;7395;12;92310,0;-7,45
2022-07-25;7395;7395;6845;6845;163;1160560,0;-7,44
2022-07-26;6845;6845;6375;6375;82;542020,0;-6,87
2022-07-27;6850;6850;5900;5900;46;293250,0;-7,45
2022-07-28;5460;5460;5460;5460;338;1845480,0;-7,46
2022-07-29;5075;5500;5075;5500;303;1602112,0;0,73
2022-08-01;5465;5500;5465;5500;17;93202,0;0,0
2022-08-02;5500;5500;5500;5500;122;671000,0;0,0
2022-08-03;5500;5500;5500;5500;104;572000,0;0,0
2022-08-04;5500;5500;5500;5500;66;363000,0;0,0
2022-08-05;5500;5505;5500;5505;324;1782810,0;0,09
2022-08-08;5500;5505;5500;5505;324;1782810,0;0,0
2022-08-09;5900;5900;5900;5900;57;336300,0;7,18
2022-08-10;5900;5900;5460;5460;398;2260640,0;-7,46
2022-08-11;5865;5865;5200;5200;105;580912,0;-4,76
2022-08-12;5590;5590;5210;5210;41;221400,0;0,19
2022-08-15;5590;5590;5210;5210;41;221400,0;0,0
2022-08-16;5500;5500;5230;5230;30;160950,0;0,38
2022-08-17;5500;5500;5230;5230;30;160950,0;0,0
2022-08-18;5250;5330;5250;5330;40;211600,0;1,91
2022-08-19;5595;5595;5595;5595;98;548310,0;4,97
2022-08-22;5895;6010;5895;6010;57;339292,0;7,42
2022-08-23;5895;6460;5895;6460;150;926625,0;7,49
2022-08-24;6500;6500;6300;6300;138;883200,0;-2,48
2022-08-25;6300;6770;6300;6770;203;1326605,0;7,46
2022-08-26;6505;6505;6305;6305;53;339465,0;-6,87
2022-08-29;6775;6775;6775;6775;69;467475,0;7,45
2022-08-30;6775;6775;6775;6775;74;501350,0;0,0
2022-08-31;7280;7280;6270;6270;184;1246600,0;-7,45
2022-09-01;6740;6740;6740;6740;1;6740,0;7,5
2022-09-02;7230;7230;7230;7230;1;7230,0;7,27
2022-09-05;7230;7230;7230;7230;126;910980,0;0,0
2022-09-06;7770;7770;7770;7770;220;1709400,0;7,47
2022-09-07;8250;8300;8250;8300;27;223425,0;6,82
2022-09-08;8790;8850;8790;8850;112;987840,0;6,63
2022-09-09;8850;9505;8850;9505;204;1872210,0;7,4
2022-09-12;9505;9505;8805;8805;261;2389455,0;-7,36
2022-09-13;8145;8145;8145;8145;33;268785,0;-7,5
2022-09-14;7780;7780;7535;7535;328;2511660,0;-7,49
2022-09-15;7500;7500;6975;6975;39;282262,0;-7,43
2022-09-16;6460;6460;6460;6460;78;503880,0;-7,38
2022-09-19;6460;6470;6460;6470;75;484875,0;0,15
2022-09-20;6300;6305;6300;6305;92;579830,0;-2,55
2022-09-21;6320;6320;6320;6320;1;6320,0;0,24
2022-09-22;6335;6335;6330;6330;12;75990,0;0,16
2022-09-23;6335;6335;6330;6330;12;75990,0;0,0
2022-09-26;6350;6350;6350;6350;3;19050,0;0,32
2022-09-27;6350;6350;6350;6350;3;19050,0;0,0
2022-09-29;6355;6355;5980;5980;70;431725,0;-5,83
2022-09-30;6355;6355;5980;5980;70;431725,0;0,0
2022-10-03;6425;6425;6425;6425;2;12850,0;7,44
2022-10-04;6900;6900;6425;6425;21;139912,0;0,0
2022-10-05;6900;6900;6900;6900;1;6900,0;7,39
2022-10-06;6900;6900;6900;6900;1;6900,0;0,0
2022-10-07;7045;7045;7045;7045;18;126810,0;2,1
2022-10-10;7500;7500;6520;6520;12;84120,0;-7,45
2022-10-11;7005;7005;7005;7005;1;7005,0;7,44
2022-10-12;7005;7005;6900;6900;41;285052,0;-1,5
2022-10-13;7415;7415;6495;6495;131;911105,0;-5,87
2022-10-14;6900;6900;6010;6010;398;2569090,0;-7,47
2022-10-17;6460;6460;6400;6400;21;135030,0;6,49
2022-10-18;6405;6405;6405;6405;61;390705,0;0,08
2022-10-19;6485;6485;6485;6485;39;252915,0;1,25
2022-10-20;6405;6800;6405;6800;11;72628,0;4,86
2022-10-21;6975;6975;6975;6975;33;230175,0;2,57
2022-10-24;6975;6975;6975;6975;33;230175,0;0,0
2022-10-25;6975;6975;6975;6975;1;6975,0;0,0
2022-10-26;6455;6945;6455;6945;101;676700,0;-0,43
2022-10-27;6945;6945;6945;6945;1;6945,0;0,0
2022-10-28;6945;6945;6945;6945;1;6945,0;0,0
2022-11-01;6425;6425;6425;6425;11;70675,0;-7,49
2022-11-02;6425;6425;6425;6425;11;70675,0;0,0
2022-11-03;6425;6425;6425;6425;1;6425,0;0,0
2022-11-04;6425;6425;5945;5945;73;451505,0;-7,47
2022-11-07;6425;6425;5945;5945;73;451505,0;0,0
2022-11-08;6390;6390;6000;6000;11;68145,0;0,93
2022-11-09;6450;6450;6450;6450;1;6450,0;7,5
2022-11-10;6450;6450;6450;6450;1;6450,0;0,0
2022-11-11;6555;6555;6000;6000;14;87885,0;-6,98
2022-11-14;6555;6555;6000;6000;14;87885,0;0,0
2022-11-18;6000;6000;6000;6000;35;210000,0;0,0
2022-11-21;6000;6450;6000;6450;5;31125,0;7,5
2022-11-22;6650;6750;6650;6750;41;274700,0;4,65
2022-11-23;6945;6945;6945;6945;1;6945,0;2,89
2022-11-24;6725;6935;6725;6935;2;13660,0;-0,14
2022-11-25;6725;6935;6725;6935;2;13660,0;0,0
2022-11-28;6740;6740;6740;6740;3;20220,0;-2,81
2022-11-29;6740;6740;6740;6740;3;20220,0;0,0
2022-12-02;6200;6665;6200;6665;22;141515,0;-1,11
2022-12-05;6200;6200;6200;6200;2;12400,0;-6,98
2022-12-06;6200;6200;6000;6000;7;42700,0;-3,23
2022-12-07;6200;6200;6200;6200;1;6200,0;3,33
2022-12-08;6000;6000;6000;6000;35;210000,0;-3,23
2022-12-09;6200;6200;6200;6200;1;6200,0;3,33
2022-12-12;6000;6000;6000;6000;8;48000,0;-3,23
2022-12-13;6450;6450;6000;6000;92;572700,0;0,0
2022-12-14;6000;6200;6000;6200;16;97600,0;3,33
2022-12-15;6200;6200;5735;5735;31;184992,0;-7,5
2022-12-16;6165;6165;5735;5735;63;374850,0;0,0
2022-12-19;6165;6165;6165;6165;1;6165,0;7,5
2022-12-20;6165;6165;6165;6165;1;6165,0;0,0
2022-12-21;6165;6165;5750;5750;147;875752,0;-6,73
2022-12-22;6180;6180;6180;6180;1;6180,0;7,48
2022-12-23;6180;6180;5750;5750;15;89475,0;-6,96
2022-12-26;6180;6180;5750;5750;15;89475,0;0,0
2022-12-27;6180;6180;5320;5320;105;603750,0;-7,48
2022-12-28;5330;5330;5330;5330;12;63960,0;0,19
2022-12-29;5725;5725;5405;5405;17;94605,0;1,41
2022-12-30;5725;5725;5405;5405;17;94605,0;0,0
2023-01-02;5405;5405;5405;5405;35;189175,0;0,0
2023-01-03;5405;5810;5405;5810;9;50468,0;7,49
2023-01-04;5405;5810;5405;5810;9;50468,0;0,0
2023-01-05;6220;6220;6220;6220;1;6220,0;7,06
2023-01-06;6195;6200;6195;6200;21;130148,0;-0,32
2023-01-09;6195;6200;6195;6200;21;130148,0;0,0
2023-01-10;6200;6200;6200;6200;10;62000,0;0,0
2023-01-11;6200;6200;6200;6200;10;62000,0;0,0
2023-01-16;6625;6625;5740;5740;37;228752,0;-7,42
2023-01-17;6625;6625;5740;5740;37;228752,0;0,0
2023-01-18;5745;5745;5745;5745;3;17235,0;0,09
2023-01-19;5745;5745;5745;5745;3;17235,0;0,0
2023-01-23;5745;5745;5745;5745;31;178095,0;0,0
2023-01-24;5745;5745;5745;5745;15;86175,0;0,0
2023-01-25;6175;6175;6175;6175;1;6175,0;7,48
2023-01-26;6600;6600;5740;5740;3;18510,0;-7,04
2023-01-27;6170;6170;5740;5740;3;17865,0;0,0
2023-01-30;5740;5750;5740;5750;20;114900,0;0,17
2023-01-31;5740;5750;5740;5750;20;114900,0;0,0
2023-02-02;5750;5750;5750;5750;17;97750,0;0,0
2023-02-03;5750;5750;5750;5750;17;97750,0;0,0
2023-02-14;6175;6175;5780;5780;3;17932,0;0,52
2023-02-15;6175;6175;5780;5780;3;17932,0;0,0
2023-02-16;6165;6165;6165;6165;1;6165,0;6,66
2023-02-17;5780;5780;5780;5780;3;17340,0;-6,24
2023-02-20;5780;5780;5780;5780;3;17340,0;0,0
2023-02-21;6145;6145;6145;6145;1;6145,0;6,31
2023-02-22;6100;6100;6100;6100;3;18300,0;-0,73
2023-02-23;6100;6100;6100;6100;3;18300,0;0,0
2023-02-24;6100;6100;6100;6100;3;18300,0;0,0
2023-02-27;6550;6550;6500;6500;4;26100,0;6,56
2023-02-28;6475;6475;6475;6475;6;38850,0;-0,38
2023-03-01;6475;6475;6475;6475;6;38850,0;0,0
2023-03-06;6470;6470;6470;6470;2;12940,0;-0,08
2023-03-07;6470;6470;6470;6470;3;19410,0;0,0
2023-03-08;6470;6470;6470;6470;3;19410,0;0,0
2023-03-10;6460;6460;6460;6460;3;19380,0;-0,15
2023-03-13;6465;6465;6465;6465;10;64650,0;0,08
2023-03-14;6440;6440;6440;6440;5;32200,0;-0,39
2023-03-15;6440;6440;6440;6440;5;32200,0;0,0
2023-03-21;6425;6425;6425;6425;13;83525,0;-0,23
2023-03-22;6425;6425;6425;6425;13;83525,0;0,0
2023-03-24;5945;5945;5945;5945;8;47560,0;-7,47
2023-03-27;5950;5950;5945;5945;19;113002,0;0,0
2023-03-28;5950;5950;5945;5945;19;113002,0;0,0
2023-03-29;5945;5945;5945;5945;7;41615,0;0,0
2023-03-30;5945;5945;5945;5945;261;1551645,0;0,0
2023-03-31;5945;5945;5945;5945;2;11890,0;0,0
2023-04-03;5800;5800;5800;5800;13;75400,0;-2,44
2023-04-04;5950;5950;5950;5950;45;267750,0;2,59
2023-04-05;5950;5950;5950;5950;45;267750,0;0,0
2023-04-07;5950;5950;5950;5950;10;59500,0;0,0
2023-04-10;5950;5950;5950;5950;10;59500,0;0,0
2023-04-11;5950;5950;5950;5950;10;59500,0;0,0
2023-04-14;6395;6395;6395;6395;1;6395,0;7,48
2023-04-17;6380;6385;6380;6385;7;44678,0;-0,16
2023-04-18;6380;6385;6380;6385;7;44678,0;0,0
2023-04-19;6380;6385;6380;6385;7;44678,0;0,0
2023-04-24;6365;6365;6365;6365;15;95475,0;-0,31
2023-04-25;6365;6365;6365;6365;15;95475,0;0,0
2023-05-08;6320;6320;6320;6320;3;18960,0;-0,71
2023-05-09;6320;6320;6320;6320;3;18960,0;0,0
2023-05-19;6320;6320;6315;6315;25;157938,0;-0,08
2023-05-22;6320;6320;6315;6315;25;157938,0;0,0
2023-06-12;5850;5850;5850;5850;17;99450,0;-7,36
2023-06-13;5500;5500;5500;5500;21;115500,0;-5,98
2023-06-14;5495;5495;5495;5495;25;137375,0;-0,09
2023-06-15;5495;5495;5495;5495;17;93415,0;0,0
2023-06-16;5495;5495;5495;5495;17;93415,0;0,0
2023-07-04;5495;5495;5495;5495;1;5495,0;0,0
2023-07-05;5495;5495;5495;5495;1;5495,0;0,0
2023-07-06;5495;5495;5495;5495;5;27475,0;0,0
2023-07-07;5495;5495;5495;5495;12;65940,0;0,0
2023-07-10;5495;5495;5495;5495;2;10990,0;0,0
2023-07-11;5495;5905;5495;5905;22;125400,0;7,46
2023-07-12;5905;6315;5905;6315;13;79430,0;6,94
2023-07-13;5900;6305;5900;6305;9;54922,0;-0,16
2023-07-14;5900;6305;5900;6305;9;54922,0;0,0
2023-07-24;6105;6775;6105;6775;48;309120,0;7,45
2023-07-25;6105;6775;6105;6775;48;309120,0;0,0
2023-07-26;6270;6270;6270;6270;1;6270,0;-7,45
2023-07-27;6270;6270;6270;6270;1;6270,0;0,0
2023-07-28;5800;6305;5800;6305;17;102892,0;0,56
2023-07-31;5800;6305;5800;6305;17;102892,0;0,0
2023-08-17;6295;6295;6295;6295;3;18885,0;-0,16
2023-08-18;6295;6295;6295;6295;3;18885,0;0,0
2023-08-22;6300;6300;6000;6000;4;24600,0;-4,69
2023-08-23;6300;6300;6000;6000;4;24600,0;0,0
2023-08-24;5550;5550;5550;5550;7;38850,0;-7,5
2023-08-25;5550;5550;5550;5550;5;27750,0;0,0
2023-08-28;5555;5555;5550;5550;49;272072,0;0,0
2023-08-29;5600;5600;5600;5600;6;33600,0;0,9
2023-08-30;5600;5600;5325;5325;15;81938,0;-4,91
2023-08-31;5720;5720;5720;5720;32;183040,0;7,42
2023-09-01;6145;6145;6145;6145;105;645225,0;7,43
2023-09-04;6145;6145;6145;6145;105;645225,0;0,0
2023-09-05;6095;6095;6095;6095;1;6095,0;-0,81
2023-09-06;6095;6095;6095;6095;1;6095,0;0,0
2023-09-07;5640;5640;5640;5640;2;11280,0;-7,47
2023-09-08;5640;5640;5640;5640;2;11280,0;0,0
2023-09-11;5640;5640;5640;5640;8;45120,0;0,0
2023-09-12;5640;5640;5640;5640;8;45120,0;0,0
2023-09-13;5640;5640;5640;5640;19;107160,0;0,0
2023-09-14;5640;5640;5640;5640;19;107160,0;0,0
2023-09-20;5300;5300;5220;5220;19;99940,0;-7,45
2023-09-21;5005;5005;5005;5005;8;40040,0;-4,12
2023-09-22;5005;5005;5005;5005;8;40040,0;0,0
2023-09-28;5005;5005;5005;5005;3;15015,0;0,0
2023-09-29;5005;5005;5005;5005;3;15015,0;0,0
2023-10-02;5005;5005;5005;5005;6;30030,0;0,0
2023-10-03;5380;5380;5380;5380;4;21520,0;7,49
2023-10-04;5380;5380;5380;5380;4;21520,0;0,0
2023-10-06;5000;5000;5000;5000;10;50000,0;-7,06
2023-10-09;5375;5375;5375;5375;8;43000,0;7,5
2023-10-10;5760;5760;5760;5760;1;5760,0;7,16
2023-10-11;5755;5755;5755;5755;1;5755,0;-0,09
2023-10-12;5755;5755;5755;5755;1;5755,0;0,0
2023-10-18;5635;5635;5620;5620;102;574005,0;-2,35
2023-10-19;5635;5635;5620;5620;102;574005,0;0,0
2023-10-23;5685;5690;5685;5690;100;568750,0;1,25
2023-10-24;5685;5690;5685;5690;100;568750,0;0,0
2023-10-30;5515;5515;5515;5515;10;55150,0;-3,08
2023-10-31;5500;5500;5500;5500;20;110000,0;-0,27
2023-11-01;5500;5500;5500;5500;20;110000,0;0,0
2023-11-03;5090;5090;5090;5090;100;509000,0;-7,45
2023-11-06;4710;4710;4710;4710;50;235500,0;-7,47
2023-11-07;4360;4360;4360;4360;10;43600,0;-7,43
2023-11-08;4275;4360;4275;4360;24;103620,0;0,0
2023-11-09;4035;4440;4035;4440;6;25425,0;1,83
2023-11-16;4355;4355;4350;4350;134;583235,0;-2,03
2023-11-17;4295;4295;4295;4295;3;12885,0;-1,26
2023-11-22;4260;4260;4255;4255;10;42575,0;-0,93
2023-11-23;3940;4195;3940;4195;42;170835,0;-1,41
2023-11-24;4200;4200;4100;4100;63;261450,0;-2,26
2023-11-27;4190;4195;4190;4195;110;461175,0;2,32
2023-11-28;4145;4145;4145;4145;10;41450,0;-1,19
2023-11-29;3850;3850;3850;3850;8;30800,0;-7,12
2023-11-30;3850;3850;3580;3580;65;241475,0;-7,01
2023-12-01;3580;3600;3580;3600;25;89750,0;0,56
2023-12-04;3580;3580;3580;3580;5;17900,0;-0,56
2023-12-05;3590;3590;3590;3590;2;7180,0;0,28
2023-12-06;3590;3590;3575;3575;6;21495,0;-0,42
2023-12-07;3575;3575;3575;3575;23;82225,0;0,0
2023-12-08;3580;3580;3310;3310;120;413400,0;-7,41
2023-12-11;3065;3065;3065;3065;15;45975,0;-7,4
2023-12-12;3060;3060;3060;3060;35;107100,0;-0,16
2023-12-13;3060;3060;3060;3060;6;18360,0;0,0
2023-12-14;3060;3060;3060;3060;22;67320,0;0,0
2023-12-15;3050;3050;3050;3050;23;70150,0;-0,33
2023-12-19;2835;2835;2830;2830;72;203940,0;-7,21
2023-12-20;2835;2835;2620;2620;90;245475,0;-7,42
2023-12-28;2700;2815;2700;2815;343;945822,0;7,44
2023-12-29;2850;3025;2850;3025;73;214438,0;7,46
2024-01-01;2850;3025;2850;3025;73;214438,0;0,0
2024-01-03;3250;3250;3250;3250;111;360750,0;7,44
2024-01-04;3350;3350;3250;3250;109;359700,0;0,0
2024-01-05;3490;3490;3250;3250;16;53920,0;0,0
2024-01-11;3490;3490;3490;3490;105;366450,0;7,38
2024-01-12;3525;3525;3260;3260;41;139092,0;-6,59
2024-01-18;3400;3400;3400;3400;5;17000,0;4,29
2024-01-24;3400;3400;3400;3400;3;10200,0;0,0
2024-02-02;3655;3655;3655;3655;1;3655,0;7,5
2024-02-05;3655;3655;3655;3655;85;310675,0;0,0
2024-02-06;3655;3655;3655;3655;9;32895,0;0,0
2024-02-07;3600;3600;3600;3600;1;3600,0;-1,5
2024-02-21;3600;3600;3600;3600;1;3600,0;0,0
2024-02-29;3605;3605;3600;3600;30;108075,0;0,0
2024-03-05;3600;3600;3600;3600;25;90000,0;0,0
2024-03-06;3600;3600;3600;3600;2;7200,0;0,0
2024-03-13;3605;3605;3605;3605;25;90125,0;0,14
2024-03-14;3605;3605;3605;3605;25;90125,0;0,0
2024-03-18;3650;3650;3650;3650;40;146000,0;1,25
2024-03-19;3650;3650;3650;3650;70;255500,0;0,0
2024-03-20;3650;3650;3650;3650;55;200750,0;0,0
2024-03-22;3655;3655;3650;3650;5;18262,0;0,0
2024-03-25;3650;3650;3650;3650;4;14600,0;0,0
2024-04-11;3650;3650;3650;3650;19;69350,0;0,0
2024-04-12;3650;3650;3650;3650;19;69350,0;0,0
2024-04-24;3650;3650;3650;3650;20;73000,0;0,0
2024-04-25;3650;3650;3650;3650;20;73000,0;0,0
2024-05-02;3650;3650;3650;3650;29;105850,0;0,0
2024-05-03;3650;3650;3650;3650;29;105850,0;0,0
2024-05-06;3645;3645;3645;3645;3;10935,0;-0,14
2024-05-07;3645;3645;3645;3645;3;10935,0;0,0
2024-05-14;3645;3645;3645;3645;5;18225,0;0,0
2024-05-15;3645;3645;3645;3645;5;18225,0;0,0
2024-05-23;3645;3645;3645;3645;5;18225,0;0,0
2024-05-24;3645;3645;3645;3645;5;18225,0;0,0
2024-05-27;3645;3645;3645;3645;3;10935,0;0,0
2024-05-28;3645;3645;3645;3645;3;10935,0;0,0
2024-05-29;3635;3635;3635;3635;20;72700,0;-0,27
2024-05-30;3635;3635;3635;3635;20;72700,0;0,0
2024-06-03;3635;3635;3635;3635;0;0,0;0,0
2024-06-04;3635;3635;3635;3635;8;29080,0;0,0
2024-06-05;3635;3635;3635;3635;8;29080,0;0,0
2024-06-12;3600;3600;3600;3600;4;14400,0;-0,96
2024-06-13;3595;3595;3595;3595;15;53925,0;-0,14
2024-06-14;3595;3595;3400;3400;106;370735,0;-5,42
2024-06-18;3595;3595;3400;3400;106;370735,0;0,0
2024-06-19;3145;3145;3145;3145;2;6290,0;-7,5
2024-06-20;3140;3140;3140;3140;2;6280,0;-0,16
2024-06-21;3140;3140;3140;3140;2;6280,0;0,0
2024-06-24;3145;3145;3000;3000;7;21508,0;-4,46
2024-06-25;3145;3145;3000;3000;7;21508,0;0,0
2024-06-26;3000;3000;3000;3000;2;6000,0;0,0
2024-06-27;3145;3145;3145;3145;4;12580,0;4,83
2024-06-28;3145;3145;3145;3145;4;12580,0;0,0
2024-07-02;3145;3145;3145;3145;25;78625,0;0,0
2024-07-03;3145;3145;3145;3145;25;78625,0;0,0
2024-07-04;3100;3100;3000;3000;35;106750,0;-4,61
2024-07-05;3100;3100;3100;3100;12;37200,0;3,33
2024-07-08;3100;3100;3100;3100;12;37200,0;0,0
2024-07-09;3000;3000;3000;3000;1;3000,0;-3,23
2024-07-10;3000;3000;3000;3000;1;3000,0;0,0
2024-07-12;3200;3200;3000;3000;20;62000,0;0,0
2024-07-15;3200;3200;3000;3000;20;62000,0;0,0
2024-07-16;3000;3000;3000;3000;1;3000,0;0,0
2024-07-17;3000;3000;3000;3000;22;66000,0;0,0
2024-07-18;3000;3000;3000;3000;22;66000,0;0,0
2024-07-19;3000;3000;3000;3000;2;6000,0;0,0
2024-07-22;3000;3000;3000;3000;1;3000,0;0,0
2024-07-23;3000;3000;3000;3000;1;3000,0;0,0
2024-07-25;3000;3000;3000;3000;8;24000,0;0,0
2024-07-26;3000;3000;3000;3000;4;12000,0;0,0
2024-07-29;3000;3000;3000;3000;5;15000,0;0,0
2024-07-30;3000;3000;3000;3000;5;15000,0;0,0
2024-08-02;3000;3000;3000;3000;2;6000,0;0,0
2024-08-05;3005;3005;3005;3005;1;3005,0;0,17
2024-08-06;3005;3005;3005;3005;1;3005,0;0,0
2024-08-08;3005;3005;3005;3005;31;93155,0;0,0
2024-08-09;3005;3005;3005;3005;31;93155,0;0,0
2024-08-21;3005;3005;3000;3000;18;54045,0;-0,17
2024-08-22;3010;3010;3010;3010;1;3010,0;0,33
2024-08-23;2800;2800;2800;2800;49;137200,0;-6,98
2024-08-26;2800;2800;2800;2800;49;137200,0;0,0
2024-08-28;2850;2850;2810;2810;55;155650,0;0,36
2024-08-29;2850;2850;2810;2810;55;155650,0;0,0
2024-09-11;2830;2830;2825;2825;32;90480,0;0,53
2024-09-12;2830;2830;2825;2825;32;90480,0;0,0
2024-09-13;2825;2825;2825;2825;27;76275,0;0,0
2024-09-16;2835;2835;2835;2835;31;87885,0;0,35
2024-09-17;2835;2835;2835;2835;31;87885,0;0,0
2024-09-24;3000;3000;3000;3000;5;15000,0;5,82
2024-09-25;3000;3000;3000;3000;45;135000,0;0,0
2024-09-26;3020;3020;3000;3000;15;45150,0;0,0
2024-09-27;3020;3020;3000;3000;15;45150,0;0,0
2024-09-30;2825;2825;2825;2825;22;62150,0;-5,83
2024-10-01;2825;2825;2825;2825;5;14125,0;0,0
2024-10-02;2825;2825;2825;2825;5;14125,0;0,0
2024-10-04;2825;2825;2825;2825;72;203400,0;0,0
2024-10-07;2825;2825;2825;2825;72;203400,0;0,0
2024-10-08;3000;3000;3000;3000;14;42000,0;6,19
2024-10-09;3000;3000;3000;3000;1;3000,0;0,0
2024-10-10;3000;3000;3000;3000;1;3000,0;0,0
2024-10-25;2825;3000;2825;3000;36;104850,0;0,0
2024-10-28;2775;3225;2775;3225;21;63000,0;7,5
2024-10-29;3225;3225;3225;3225;10;32250,0;0,0
2024-10-31;3225;3225;3225;3225;5;16125,0;0,0
2024-11-01;3225;3225;3225;3225;5;16125,0;0,0
2024-11-04;3210;3210;3210;3210;10;32100,0;-0,47
2024-11-12;3210;3210;3210;3210;2;6420,0;0,0
2024-11-13;3450;3450;3450;3450;10;34500,0;7,48
2024-11-14;3705;3705;3210;3210;36;124470,0;-6,96
2024-11-15;3705;3705;3210;3210;36;124470,0;0,0
2024-11-27;3450;3450;3450;3450;30;103500,0;7,48
2024-12-05;3705;3705;3705;3705;2;7410,0;7,39
2024-12-06;3705;3705;3705;3705;4;14820,0;0,0
2024-12-09;3705;3705;3705;3705;8;29640,0;0,0
2024-12-11;3705;3980;3705;3980;22;84535,0;7,42
2024-12-12;3980;3980;3980;3980;35;139300,0;0,0
2024-12-16;3980;3980;3980;3980;22;87560,0;0,0
2024-12-17;3980;3980;3980;3980;1;3980,0;0,0
2024-12-18;3880;3980;3880;3980;20;78600,0;0,0
2024-12-19;3980;3980;3980;3980;60;238800,0;0,0
2024-12-20;3980;3980;3970;3970;78;310050,0;-0,25
2024-12-23;3980;4000;3980;4000;35;139650,0;0,76
2024-12-27;4000;4000;4000;4000;18;72000,0;0,0
2024-12-30;3950;3950;3940;3940;72;284040,0;-1,5
2024-12-31;3950;4000;3950;4000;28;111300,0;1,52
2025-01-01;3950;4000;3950;4000;28;111300,0;0,0
2025-01-02;4005;4005;4005;4005;106;424530,0;0,12
2025-01-03;4000;4275;4000;4275;15;62062,0;6,74
2025-01-06;4015;4015;4015;4015;1;4015,0;-6,08
2025-01-07;3715;4015;3715;4015;130;502450,0;0,0
2025-01-08;4015;4015;4015;4015;4;16060,0;0,0
2025-01-09;4015;4015;4015;4015;1;4015,0;0,0
2025-01-10;4275;4275;4275;4275;1;4275,0;6,48
2025-01-14;4270;4270;4270;4270;5;21350,0;-0,12
2025-01-17;4275;4275;4275;4275;26;111150,0;0,12
2025-01-21;4260;4265;4260;4265;10;42625,0;-0,23
2025-01-22;4260;4260;4260;4260;35;149100,0;-0,12
2025-01-23;4260;4260;4260;4260;1;4260,0;0,0
2025-01-28;3945;3945;3945;3945;81;319545,0;-7,39
2025-01-29;3945;3945;3945;3945;10;39450,0;0,0
2025-01-30;3940;3940;3940;3940;84;330960,0;-0,13
2025-01-31;3940;3940;3940;3940;2;7880,0;0,0
2025-02-03;3940;3940;3940;3940;13;51220,0;0,0
2025-02-05;3940;3940;3940;3940;1;3940,0;0,0
2025-02-10;3940;3940;3940;3940;21;82740,0;0,0
2025-02-11;3940;3940;3940;3940;22;86680,0;0,0
2025-02-12;3995;3995;3995;3995;1;3995,0;1,4
2025-02-17;3995;3995;3995;3995;2;7990,0;0,0
2025-02-18;3995;3995;3995;3995;49;195755,0;0,0
2025-02-19;3990;3990;3990;3990;4;15960,0;-0,13
2025-02-20;3990;3990;3990;3990;13;51870,0;0,0
2025-02-21;3990;3990;3990;3990;4;15960,0;0,0
2025-02-24;3995;3995;3995;3995;74;295630,0;0,13
2025-02-25;3995;4000;3995;4000;12;47970,0;0,13
2025-02-26;3995;4000;3995;4000;58;231855,0;0,0
2025-02-28;3645;3645;3645;3645;157;572265,0;-8,88
2025-03-03;3645;3645;3640;3640;2;7285,0;-0,14
2025-03-04;3635;3635;3635;3635;116;421660,0;-0,14
2025-03-05;3645;3645;3630;3630;155;563812,0;-0,14
2025-03-06;3635;3635;3615;3615;301;1091125,0;-0,41
2025-03-07;3615;3615;3615;3615;14;50610,0;0,0
2025-03-10;3600;3600;3570;3570;28;100380,0;-1,24
2025-03-11;3560;3560;3560;3560;1;3560,0;-0,28
2025-03-12;3560;3560;3560;3560;50;178000,0;0,0
2025-03-13;3560;3560;3560;3560;4;14240,0;0,0
2025-03-14;3555;3640;3555;3640;57;205058,0;2,25
2025-03-17;3640;3640;3640;3640;1;3640,0;0,0
2025-03-18;3640;3640;3640;3640;230;837200,0;0,0
2025-03-19;3600;3640;3600;3640;49;177380,0;0,0
2025-03-24;3500;3510;3500;3510;54;189270,0;-3,57
2025-03-25;3510;3510;3510;3510;4;14040,0;0,0
2025-03-28;3645;3645;3645;3645;3;10935,0;3,85
2025-03-31;3645;3645;3645;3645;3;10935,0;0,0
2025-04-01;3375;3645;3375;3645;131;459810,0;0,0
2025-04-07;3375;3595;3375;3595;3;10455,0;-1,37
2025-04-08;3375;3375;3350;3350;93;312712,0;-6,82
2025-04-09;3360;3360;3360;3360;57;191520,0;0,3
2025-04-10;3300;3300;3300;3300;5;16500,0;-1,79
2025-04-11;3300;3305;3300;3305;186;614265,0;0,15
2025-04-15;3305;3305;3305;3305;41;135505,0;0,0
2025-04-16;3315;3315;3305;3305;193;638830,0;0,0
2025-04-17;3550;3550;3550;3550;1;3550,0;7,41
2025-04-24;3550;3550;3550;3550;79;280450,0;0,0
2025-04-25;3550;3550;3550;3550;12;42600,0;0,0
2025-04-28;3550;3550;3550;3550;12;42600,0;0,0
2025-04-29;3545;3545;3285;3285;10;34150,0;-7,46
2025-04-30;3290;3290;3290;3290;799;2628710,0;0,15
2025-05-01;3290;3290;3290;3290;799;2628710,0;0,0
2025-05-05;3290;3290;3290;3290;81;266490,0;0,0
2025-05-06;3400;3400;3100;3100;250;812500,0;-5,78
2025-05-08;3105;3310;3105;3310;377;1209228,0;6,77
2025-05-09;3300;3300;3300;3300;104;343200,0;-0,3
2025-05-13;3545;3545;3530;3530;193;682738,0;6,97
2025-05-14;3525;3525;3525;3525;3;10575,0;-0,14
2025-05-15;3500;3500;3500;3500;52;182000,0;-0,71
2025-05-16;3500;3500;3500;3500;1;3500,0;0,0
2025-05-19;3500;3500;3500;3500;20;70000,0;0,0
2025-05-20;3500;3500;3490;3490;27;94365,0;-0,29
2025-05-21;3490;3490;3490;3490;4;13960,0;0,0
2025-05-22;3480;3480;3480;3480;142;494160,0;-0,29
2025-05-23;3480;3480;3480;3480;51;177480,0;0,0
2025-05-26;3445;3450;3445;3450;70;241325,0;-0,86
2025-05-27;3445;3445;3300;3300;27;91058,0;-4,35
2025-05-28;3305;3325;3305;3325;15;49725,0;0,76
2025-05-29;3305;3325;3305;3325;15;49725,0;0,0
2025-05-30;3350;3350;3350;3350;4;13400,0;0,75
2025-06-02;3450;3450;3450;3450;1;3450,0;2,99
2025-06-03;3440;3440;3440;3440;5;17200,0;-0,29
2025-06-04;3445;3445;3440;3440;52;179010,0;0,0
2025-06-05;3440;3440;3440;3440;2;6880,0;0,0
2025-06-10;3440;3440;3440;3440;13;44720,0;0,0
2025-06-11;3440;3440;3300;3300;8;26960,0;-4,07
2025-06-12;3300;3320;3300;3320;106;350860,0;0,61
2025-06-13;3105;3300;3105;3300;20;64050,0;-0,6
2025-06-16;3295;3295;3295;3295;31;102145,0;-0,15
2025-06-17;3295;3300;3295;3300;26;85735,0;0,15
2025-06-18;3250;3250;3250;3250;31;100750,0;-1,52
2025-06-19;3250;3250;3245;3245;30;97425,0;-0,15
2025-06-20;3250;3250;3245;3245;238;772905,0;0,0
2025-06-23;3340;3340;3240;3240;69;227010,0;-0,15
2025-06-24;3245;3245;3245;3245;115;373175,0;0,15
2025-06-25;3340;3340;3340;3340;30;100200,0;2,93
2025-06-26;3330;3330;3330;3330;5;16650,0;-0,3
2025-06-27;3330;3330;3330;3330;2;6660,0;0,0
2025-06-30;3430;3430;3320;3320;185;624375,0;-0,3
2025-07-01;3310;3310;3310;3310;2;6620,0;-0,3
2025-07-02;3555;3555;3545;3545;152;539600,0;7,1
2025-07-03;3535;3535;3535;3535;94;332290,0;-0,28
2025-07-07;3535;3535;3535;3535;23;81305,0;0,0
2025-07-08;3800;3800;3500;3500;48;175200,0;-0,99
2025-07-09;3500;3500;3500;3500;2;7000,0;0,0
2025-07-11;3500;3500;3500;3500;2;7000,0;0,0
2025-07-14;3500;3500;3300;3300;5;17000,0;-5,71
2025-07-15;3300;3300;3300;3300;199;656700,0;0,0
2025-07-16;3105;3300;3105;3300;416;1332240,0;0,0
2025-07-17;3300;3300;3300;3300;4;13200,0;0,0
2025-07-18;3300;3300;3300;3300;3;9900,0;0,0
2025-07-21;3300;3300;3300;3300;2;6600,0;0,0
2025-07-22;3300;3300;3200;3200;97;315250,0;-3,03
2025-07-25;3200;3300;3200;3300;9;29250,0;3,12
2025-07-28;3300;3300;3300;3300;20;66000,0;0,0
2025-07-29;3200;3210;3200;3210;17;54485,0;-2,73
2025-07-30;3300;3300;3210;3210;43;139965,0;0,0
2025-07-31;3210;3210;3210;3210;20;64200,0;0,0
2025-08-01;3210;3210;3210;3210;10;32100,0;0,0
2025-08-04;3300;3300;3300;3300;52;171600,0;2,8
2025-08-05;3300;3300;3280;3280;67;220430,0;-0,61
2025-08-06;3280;3280;3280;3280;6;19680,0;0,0
2025-08-07;3280;3280;3280;3280;6;19680,0;0,0
2025-08-11;3280;3280;3280;3280;15;49200,0;0,0
2025-08-12;3280;3280;3280;3280;10;32800,0;0,0
2025-08-13;3280;3280;3280;3280;14;45920,0;0,0
2025-08-14;3280;3280;3280;3280;10;32800,0;0,0
2025-08-15;3280;3280;3280;3280;10;32800,0;0,0
2025-08-18;3280;3300;3280;3300;18;59220,0;0,61
2025-08-19;3300;3300;3300;3300;34;112200,0;0,0
2025-08-20;3280;3300;3280;3300;48;157920,0;0,0
2025-08-21;3300;3300;3300;3300;25;82500,0;0,0
2025-08-22;3300;3300;3300;3300;4797;15830100,0;0,0
2025-08-25;3405;3425;3405;3425;10;34150,0;3,79
2025-08-26;3675;3675;3675;3675;9;33075,0;7,3
2025-08-27;3675;3935;3675;3935;426;1620930,0;7,07
2025-08-28;3935;3935;3935;3935;141;554835,0;0,0
2025-08-29;3935;4000;3935;4000;55;218212,0;1,65
2025-09-01;3935;4000;3935;4000;31;122992,0;0,0
2025-09-02;4000;4000;3995;3995;266;1063335,0;-0,12
2025-09-03;3990;3990;3700;3700;70;269150,0;-7,38
2025-09-04;3990;3990;3700;3700;70;269150,0;0,0
2025-09-05;3700;3700;3700;3700;174;643800,0;0,0
2025-09-08;3500;3975;3500;3975;145;541938,0;7,43
2025-09-09;3975;3975;3680;3680;44;168410,0;-7,42
2025-09-10;3950;3950;3945;3945;6;23685,0;7,2
2025-09-11;3945;3945;3935;3935;11;43340,0;-0,25
2025-09-12;3925;3925;3925;3925;1;3925,0;-0,25
2025-09-15;3920;3920;3920;3920;25;98000,0;-0,13
2025-09-16;3630;3640;3630;3640;21;76335,0;-7,14
2025-09-17;3640;3640;3640;3640;10;36400,0;0,0
2025-09-18;3640;3640;3640;3640;9;32760,0;0,0
2025-09-19;3640;3640;3640;3640;19;69160,0;0,0
2025-09-23;3750;3750;3750;3750;1;3750,0;3,02
2025-09-24;3600;3600;3600;3600;10;36000,0;-4,0
2025-09-25;3600;3760;3600;3760;13;47840,0;4,44
2025-09-26;3760;3760;3500;3500;10;36300,0;-6,91
2025-09-30;3500;3500;3480;3480;9;31410,0;-0,57
2025-10-03;3480;3480;3480;3480;10;34800,0;0,0
2025-10-06;3480;3480;3480;3480;26;90480,0;0,0
2025-10-07;3480;3575;3480;3575;22;77605,0;2,73
2025-10-08;3575;3575;3575;3575;39;139425,0;0,0
2025-10-09;3575;3575;3575;3575;9;32175,0;0,0
2025-10-10;3575;3575;3575;3575;103;368225,0;0,0
2025-10-13;3545;3545;3545;3545;150;531750,0;-0,84
2025-10-14;3545;3545;3300;3300;44;150590,0;-6,91
2025-10-15;3350;3350;3350;3350;1;3350,0;1,52
2025-10-17;3350;3600;3350;3600;305;1059875,0;7,46
2025-10-20;3500;3500;3500;3500;2;7000,0;-2,78
2025-10-21;3500;3500;3400;3400;20;69000,0;-2,86
2025-10-22;3400;3500;3400;3500;103;355350,0;2,94
2025-10-23;3500;3500;3500;3500;9;31500,0;0,0
2025-10-24;3500;3500;3500;3500;2;7000,0;0,0
2025-10-27;3500;3500;3500;3500;109;381500,0;0,0
2025-10-28;3500;3500;3500;3500;118;413000,0;0,0
2025-10-29;3500;3500;3500;3500;75;262500,0;0,0
2025-10-31;3500;3500;3500;3500;10;35000,0;0,0
2025-11-03;3300;3300;3300;3300;38;125400,0;-5,71
2025-11-04;3500;3500;3500;3500;577;2019500,0;6,06
2025-11-05;3500;3500;3500;3500;25;87500,0;0,0
2025-11-07;3600;3600;3600;3600;0;0,0;2,86
2025-11-10;3590;3590;3590;3590;3;10770,0;-0,28
2025-11-11;3325;3325;3325;3325;7;23275,0;-7,38
2025-11-12;3335;3335;3335;3335;1;3335,0;0,3
2025-11-13;3150;3155;3150;3155;146;460265,0;-5,4
2025-11-17;3340;3390;3340;3390;6;20190,0;7,45
2025-11-18;3390;3640;3390;3640;110;386650,0;7,37
2025-11-19;3640;3640;3600;3600;57;206340,0;-1,1
2025-11-20;3575;3575;3575;3575;8;28600,0;-0,69
2025-11-21;3575;3640;3575;3640;16;57720,0;1,82
2025-11-24;3640;3640;3640;3640;5;18200,0;0,0
2025-11-26;3640;3640;3390;3390;72;253080,0;-6,87
2025-11-27;3640;3640;3640;3640;75;273000,0;7,37
2025-12-01;3390;3390;3390;3390;2;6780,0;-6,87
2025-12-02;3390;3390;3390;3390;20;67800,0;0,0
2025-12-08;3395;3395;3390;3390;1436;4871630,0;0,0
2025-12-09;3600;3640;3600;3640;52;188240,0;7,37
2025-12-10;3640;3640;3640;3640;96;349440,0;0,0
2025-12-11;3640;3640;3640;3640;26;94640,0;0,0
2025-12-12;3600;3600;3600;3600;1;3600,0;-1,1
2025-12-15;3500;3510;3500;3510;173;606365,0;-2,5
2025-12-16;3590;3590;3590;3590;17;61030,0;2,28
2025-12-17;3595;3595;3505;3505;156;553800,0;-2,37
2025-12-18;3600;3640;3600;3640;22;79640,0;3,85
2025-12-19;3505;3505;3505;3505;8;28040,0;-3,71
2025-12-22;3505;3505;3245;3245;383;1292625,0;-7,42
2025-12-23;3255;3255;3255;3255;400;1302000,0;0,31
2025-12-24;3265;3265;3265;3265;111;362415,0;0,31
2025-12-25;3265;3265;3265;3265;111;362415,0;0,0
2025-12-29;3285;3285;3280;3280;100;328250,0;0,46
2025-12-30;3300;3500;3300;3500;31;105400,0;6,71
2025-12-31;3500;3500;3300;3300;31;105400,0;-5,71
2026-01-01;3500;3500;3300;3300;31;105400,0;0,0
2026-01-02;3300;3300;3300;3300;2;6600,0;0,0
2026-01-05;3310;3310;3310;3310;50;165500,0;0,3
2026-01-06;3555;3555;3555;3555;11;39105,0;7,4
2026-01-07;3555;3555;3555;3555;17;60435,0;0,0
2026-01-08;3550;3555;3550;3555;115;408538,0;0,0
2026-01-09;3555;3700;3555;3700;159;576772,0;4,08
2026-01-12;3700;3700;3555;3555;98;355495,0;-3,92
2026-01-13;3820;3820;3700;3700;64;240640,0;4,08
2026-01-14;3800;3815;3800;3815;13;49498,0;3,11
2026-01-15;3700;3810;3700;3810;27;101385,0;-0,13
2026-01-16;3750;3800;3750;3800;281;1060775,0;-0,26
2026-01-19;3555;3800;3555;3800;67;246392,0;0,0
2026-01-20;3750;3750;3750;3750;136;510000,0;-1,32
2026-01-21;3800;3815;3800;3815;183;696772,0;1,73
2026-01-22;3800;3800;3800;3800;10;38000,0;-0,39
2026-01-23;3800;3800;3600;3600;35;129500,0;-5,26
2026-01-26;3600;3600;3600;3600;48;172800,0;0,0
2026-01-28;3610;3610;3600;3600;25;90125,0;0,0
2026-01-29;3815;3815;3815;3815;26;99190,0;5,97
2026-01-30;3815;3815;3810;3810;14;53375,0;-0,13
2026-02-02;3810;3810;3525;3525;136;498780,0;-7,48
2026-02-03;3525;3525;3525;3525;32;112800,0;0,0
2026-02-04;3525;3750;3525;3750;161;585638,0;6,38
2026-02-05;3750;4030;3750;4030;37;143930,0;7,47
2026-02-06;4030;4030;4000;4000;8;32120,0;-0,74
2026-02-09;4000;4000;4000;4000;22;88000,0;0,0
2026-02-10;4000;4000;4000;4000;638;2552000,0;0,0
2026-02-11;3990;3990;3990;3990;611;2437890,0;-0,25
2026-02-12;3900;3900;3900;3900;2;7800,0;-2,26
2026-02-13;3900;4190;3900;4190;1008;4077360,0;7,44
2026-02-16;4190;4190;4190;4190;385;1613150,0;0,0
2026-02-17;4190;4190;4180;4180;248;1037880,0;-0,24
2026-02-18;4180;4180;3870;3870;513;2064825,0;-7,42
2026-02-19;3900;3900;3610;3610;280;1051400,0;-6,72
2026-02-20;3610;3635;3610;3635;5;18112,0;0,69
2026-02-23;3900;3905;3900;3905;54;210735,0;7,43
2026-02-24;4195;4195;4195;4195;179;750905,0;7,43
2026-02-25;4200;4200;4185;4185;455;1907588,0;-0,24
2026-02-26;4185;4185;4180;4180;265;1108362,0;-0,12
2026-02-27;3915;4300;3915;4300;18;73935,0;2,87
2026-03-02;4300;4300;4300;4300;23;98900,0;0,0
2026-03-03;4000;4290;4000;4290;8;33160,0;-0,23
2026-03-04;4285;4285;4000;4000;92;381110,0;-6,76
2026-03-05;4000;4000;4000;4000;32;128000,0;0,0
2026-03-06;4000;4000;3710;3710;27;104085,0;-7,25
2026-03-09;3720;3905;3720;3905;185;705312,0;5,26
2026-03-10;3905;4100;3905;4100;53;212132,0;4,99
2026-03-11;4100;4100;4100;4100;120;492000,0;0,0
2026-03-12;4095;4095;4095;4095;124;507780,0;-0,12
2026-03-13;4100;4100;4095;4095;33;135218,0;0,0
2026-03-16;4100;4100;4095;4095;33;135218,0;0,0
2026-03-18;3800;3800;3800;3800;58;220400,0;-7,2
2026-03-19;4050;4050;3850;3850;86;339700,0;1,32
2026-03-20;4050;4050;3850;3850;86;339700,0;0,0
2026-03-23;4135;4135;3850;3850;11;43918,0;0,0
2026-03-24;4135;4135;4135;4135;9;37215,0;7,4
2026-03-25;4200;4200;4135;4135;42;175035,0;0,0
2026-03-26;4135;4135;4135;4135;4;16540,0;0,0
2026-03-27;4100;4135;4100;4135;40;164700,0;0,0
2026-03-30;4135;4135;4050;4050;12;49110,0;-2,06
2026-03-31;4050;4050;4045;4045;106;429035,0;-0,12
2026-04-01;4045;4045;4000;4000;172;691870,0;-1,11
2026-04-02;4000;4000;4000;4000;501;2004000,0;0,0
2026-04-03;4000;4000;4000;4000;101;404000,0;0,0
2026-04-06;4000;4000;4000;4000;101;404000,0;0,0
2026-04-07;4000;4000;4000;4000;5;20000,0;0,0
2026-04-08;4000;4000;3995;3995;26;103935,0;-0,12
2026-04-09;3995;3995;3995;3995;468;1869660,0;0,0
2026-04-10;4250;4250;3995;3995;162;667845,0;0,0
2026-04-13;3995;4200;3995;4200;23;94242,0;5,13
2026-04-14;4200;4200;4200;4200;94;394800,0;0,0
2026-04-15;4220;4225;4220;4225;135;570038,0;0,6
2026-04-16;3930;3930;3930;3930;306;1202580,0;-6,98
2026-04-17;3935;3935;3935;3935;50;196750,0;0,13
2026-04-20;4350;4350;4220;4220;206;882710,0;7,24
2026-04-21;4220;4300;4220;4300;30;127800,0;1,9
2026-04-22;4295;4295;4295;4295;31;133145,0;-0,12
2026-04-23;4000;4000;3985;3985;64;255520,0;-7,22
2026-04-24;3985;3985;3985;3985;34;135490,0;0,0
2026-04-27;3985;3985;3985;3985;21;83685,0;0,0
2026-04-28;3995;3995;3995;3995;10;39950,0;0,25
2026-04-29;4290;4290;4290;4290;31;132990,0;7,38
2026-04-30;4290;4290;4290;4290;14;60060,0;0,0
2026-05-01;4290;4290;4290;4290;14;60060,0;0,0
2026-05-04;4280;4290;4280;4290;100;428500,0;0,0
2026-05-05;4290;4290;4290;4290;68;291720,0;0,0
2026-05-06;4295;4295;4285;4285;22;94380,0;-0,12
2026-05-07;4300;4300;4300;4300;2;8600,0;0,35
2026-05-08;4290;4290;4290;4290;100;429000,0;-0,23
2026-05-11;4280;4400;4280;4400;40;173600,0;2,56
2026-05-12;4390;4390;4390;4390;26;114140,0;-0,23
2026-05-13;4380;4380;4380;4380;335;1467300,0;-0,23
2026-05-14;4380;4380;4380;4380;335;1467300,0;0,0
2026-05-15;4370;4370;4305;4305;24;104100,0;-1,71
2026-05-18;4370;4380;4370;4380;583;2550625,0;1,74
2026-05-19;4400;4450;4400;4450;121;535425,0;1,6
2026-05-20;4615;4620;4615;4620;78;360165,0;3,82
