Ticker;Type;Nb_Lignes;Date_Min;Date_Max;Dernier_Cours
ABJC.ci;Action;3663;2008-01-04;2026-09-29;3650,0
BICB.bj;Action;370;2025-04-28;2026-09-29;8560,0
BICC.ci;Action;3524;2008-01-03;2026-09-29;34895,0
BNBC.ci;Action;3150;2008-01-07;2026-09-29;1990,0
BOABF.bf;Action;3551;2011-01-03;2026-09-29;8190,0
BOAB.bj;Action;4163;2008-01-16;2026-09-29;9400,0
BOAC.ci;Action;3645;2010-04-12;2026-09-29;11600,0
BOAM.ml;Action;2632;2016-05-31;2026-09-29;5995,0
BOAN.ne;Action;4032;2008-01-02;2026-09-29;5350,0
BOAS.sn;Action;3022;2014-12-10;2026-09-29;8145,0
CABC.ci;Action;3239;2008-02-12;2026-09-29;3395,0
CBIBF.bf;Action;2392;2016-12-23;2026-09-29;32490,0
CFAC.ci;Action;3234;2008-01-02;2026-09-29;1600,0
CIEC.ci;Action;4365;2008-01-02;2026-09-29;6450,0
ECOC.ci;Action;2259;2017-12-12;2026-09-29;16795,0
ETIT.tg;Action;3056;2014-07-11;2026-09-29;69,0
FTSC.ci;Action;4233;2008-01-07;2026-09-29;1995,0
LNBB.bj;Action;465;2024-12-13;2026-09-29;3900,0
NEIC.ci;Action;2376;2008-06-09;2026-09-29;2300,0
NSBC.ci;Action;2237;2017-10-24;2026-09-29;21500,0
NTLC.ci;Action;3229;2008-01-08;2026-09-29;15400,0
ONTBF.bf;Action;4019;2009-04-30;2026-09-29;2950,0
ORAC.ci;Action;974;2022-12-30;2026-09-29;21805,0
ORGT.tg;Action;1799;2019-04-16;2026-09-29;3000,0
PALC.ci;Action;2962;2014-07-11;2026-09-29;8250,0
PRSC.ci;Action;2242;2008-01-11;2026-09-29;3900,0
SAFC.ci;Action;1444;2018-07-19;2026-09-29;4800,0
SCRC.ci;Action;2465;2016-12-29;2026-09-29;2950,0
SDCC.ci;Action;3758;2008-01-02;2026-09-29;12990,0
SDSC.ci;Action;3750;2008-01-02;2026-09-29;3015,0
SEMC.ci;Action;184;2025-11-07;2026-09-15;1495,0
SGBC.ci;Action;4246;2008-01-02;2026-09-29;38900,0
SHEC.ci;Action;4064;2008-01-02;2026-09-29;2390,0
SIBC.ci;Action;2543;2016-10-27;2026-09-29;9150,0
SICC.ci;Action;1693;2008-01-18;2026-09-15;8400,0
SIVC.ci;Action;3840;2008-01-02;2026-09-29;2140,0
SLBC.ci;Action;2471;2008-01-03;2026-09-29;37800,0
SMBC.ci;Action;3219;2008-01-03;2026-09-29;16500,0
SNTS.sn;Action;4725;2008-01-02;2026-09-29;42995,0
SOGC.ci;Action;4204;2008-01-04;2026-09-29;7945,0
SPHC.ci;Action;4368;2008-01-03;2026-09-29;7900,0
STAC.ci;Action;2297;2008-05-02;2026-09-29;2380,0
STBC.ci;Action;3372;2008-01-02;2026-09-29;21975,0
TTLC.ci;Action;3743;2008-01-03;2026-09-29;3175,0
TTLS.sn;Action;2824;2015-02-20;2026-09-29;3615,0
UNLC.ci;Action;1834;2010-08-09;2026-09-29;47215,0
UNXC.ci;Action;3461;2008-01-04;2026-09-29;2445,0
BRVM30;Indice;975;2023-01-01;2026-09-29;265,14
BRVMC;Indice;4782;2008-01-02;2026-09-29;548,04
BRVMPA;Indice;972;2023-01-04;2026-09-29;387,61
BRVMPR;Indice;975;2023-01-01;2026-09-29;202,14
BRVM.CB;Indice;451;2025-01-02;2026-09-29;267,62
BRVM.CD;Indice;451;2025-01-02;2026-09-29;199,12
BRVM.EN;Indice;451;2025-01-02;2026-09-29;168,2
BRVM.IN;Indice;451;2025-01-02;2026-09-29;224,82
BRVM.SF;Indice;451;2025-01-02;2026-09-29;250,7
BRVM.TEL;Indice;451;2025-01-02;2026-09-29;149,93
CAPIBRVM;Indice;1738;2020-01-02;2026-09-29;21493235,0
SIKAIDX;Indice;2467;2017-01-02;2026-09-29;147,6
SIKATR;Indice;1946;2019-03-31;2026-09-29;593,59
